nombre,categoria,telefono,enlace_whatsapp,tipo_oportunidad,web_actual,ciudad,direccion,calificacion,total_resenas,maps_url
Il Pilonte Capital,Pizzería,+54 264 544-9513,https://wa.me/5492645449513,Usa instagram.com como web (Oportunidad Alta),http://www.instagram.com/ilpilonte/?hl=es,J5402DDQ,"Av. José Ignacio de la Roza Oeste 1598, J5402DDQ J5402DDQ, San Juan, Argentina",4.2,2667,https://www.google.com/maps/search/?api=1&query=Il%20Pilonte%20Capital&query_place_id=ChIJp8tC4UlAgZYRQyUsO4xUWTU
La Coqueta,Restaurante argentino,+54 264 439-9862,https://wa.me/5492644399862,Usa facebook.com como web (Oportunidad Alta),http://www.facebook.com/lacoqueta.sanjuan,Villa Basilio Nievas,"RP12, J5401 Villa Basilio Nievas, San Juan, Argentina",4.2,2555,https://www.google.com/maps/search/?api=1&query=La%20Coqueta&query_place_id=ChIJ66RvCIlIgZYRFh8zXUIqCfg
Vereda Sur,Restaurante,+54 264 470-9142,https://wa.me/5492644709142,Usa facebook.com como web (Oportunidad Alta),https://www.facebook.com/Vereda-Sur-caf%C3%A9-resto-bar-362102090888759/,San Juan,"Av. Libertador Gral. San Martin Este & Antonino Aberastain Norte, J5400 San Juan, Argentina",4.2,1192,https://www.google.com/maps/search/?api=1&query=Vereda%20Sur&query_place_id=ChIJd8tQgYNqgZYRDwqU8sdrPT8
Carioca -Tienda de fiestas,Tienda de artículos de fiesta,+54 264 530-4579,https://wa.me/5492645304579,Usa facebook.com como web (Oportunidad Alta),http://facebook.com/cotilloncariocasanjuan/,San Juan,"Francisco N. Laprida Oeste 34, J5402 San Juan, Argentina",4.3,676,https://www.google.com/maps/search/?api=1&query=Carioca%20-Tienda%20de%20fiestas&query_place_id=ChIJu9ZpdIJqgZYR0oulIvtx7JY
Galana Eventos en San Juan,Salón para eventos,+54 264 451-2041,https://wa.me/5492644512041,Usa instagram.com como web (Oportunidad Alta),https://www.instagram.com/galanaeventos?igsh=MXMyaTEzbjc0NTd3cw==,Santa Lucía,"Balcarce 200, J5411 Santa Lucía, San Juan, Argentina",4.5,544,https://www.google.com/maps/search/?api=1&query=Galana%20Eventos%20en%20San%20Juan&query_place_id=ChIJV-ThXRhrgZYRDhLlSdOXpus
El Refugio,Restaurante,+54 264 526-6726,https://wa.me/5492645266726,Usa instagram.com como web (Oportunidad Alta),https://www.instagram.com/elrefugio_restaurante/,Santa Lucía,"Hipólito Yrigoyen Este 4942, J5411 Santa Lucía, San Juan, Argentina",4.3,445,https://www.google.com/maps/search/?api=1&query=El%20Refugio&query_place_id=ChIJE6Nu8SdrgZYROBON0J3T1mc
MOA Productora de Eventos,Organizador de eventos,+54 264 416-1374,https://wa.me/5492644161374,Usa instagram.com como web (Oportunidad Alta),https://www.instagram.com/moa_eventos?igsh=NWsxdGk1a25yaWFk&utm_source=qr,J5400FJO,"Av. Argentina Nte. 126, J5400FJO J5400FJO, San Juan, Argentina",4.4,393,https://www.google.com/maps/search/?api=1&query=MOA%20Productora%20de%20Eventos&query_place_id=ChIJpVYnEY9qgZYRmZeaiKspSoE
Traykén,Salón para eventos,+54 264 414-0346,https://wa.me/5492644140346,Usa facebook.com como web (Oportunidad Alta),https://m.facebook.com/trayken/,J5400ANY,"San Luis Este 1067, J5400AMU J5400ANY, San Juan, Argentina",4.6,385,https://www.google.com/maps/search/?api=1&query=Trayk%C3%A9n&query_place_id=ChIJBenKDY9qgZYRvSjLP2vMJhc
El Almendro Sport,Polideportivo,+54 264 469-0420,https://wa.me/5492644690420,Usa instagram.com como web (Oportunidad Alta),https://www.instagram.com/almendrosport__,Rivadavia,"Calle El Almendro 6300 (o, J5406 Rivadavia, San Juan, Argentina",4.7,345,https://www.google.com/maps/search/?api=1&query=El%20Almendro%20Sport&query_place_id=ChIJHeI-9LRBgZYRMqXBb2sN-II
Nepó Salón de eventos,Salón para eventos,+54 264 507-3253,https://wa.me/5492645073253,Usa facebook.com como web (Oportunidad Alta),https://www.facebook.com/eventosnepo/,DNA,"Av. España Nte. 79, J5400 DNA, San Juan, Argentina",4.5,335,https://www.google.com/maps/search/?api=1&query=Nep%C3%B3%20Sal%C3%B3n%20de%20eventos&query_place_id=ChIJt6HNADJAgZYRYLOvIx0-P4Y
La Casona eventos,Salón para eventos,+54 264 580-2706,https://wa.me/5492645802706,Usa facebook.com como web (Oportunidad Alta),https://www.facebook.com/lacasonaSE,Rawson,"Calle Nacional, Tascheret y, J5421 Rawson, San Juan, Argentina",4.3,310,https://www.google.com/maps/search/?api=1&query=La%20Casona%20eventos&query_place_id=ChIJjwAHfXAVgZYRNbaImWbWPDk
Las Pircas Triásico Restaurante,Restaurante,+54 264 467-3317,https://wa.me/5492644673317,Usa instagram.com como web (Oportunidad Alta),https://www.instagram.com/laspircas_vallefertil?igsh=cHU2bjkwdGgydXM0,Villa San Agustín,"Tucuman 1132, J5449 Villa San Agustín, San Juan, Argentina",3.8,283,https://www.google.com/maps/search/?api=1&query=Las%20Pircas%20Tri%C3%A1sico%20Restaurante&query_place_id=ChIJk9FxhHx0gpYR4I7VoMYF-4E
Mafalda - Casa de Campo,Organizador de eventos,+54 264 419-5099,https://wa.me/5492644195099,Usa facebook.com como web (Oportunidad Alta),https://www.facebook.com/MafaldaCasaDeCampo/,Albardón,"D. F. Sarmiento 186, J5419 Albardón, San Juan, Argentina",4.7,275,https://www.google.com/maps/search/?api=1&query=Mafalda%20-%20Casa%20de%20Campo&query_place_id=ChIJ8eZ0irNpgZYRVkBEEbcleic
Las Valkirias Eventos,Salón para eventos,+54 9 264 475-7115,https://wa.me/5492644757115,Usa facebook.com como web (Oportunidad Alta),https://www.facebook.com/LasValkiriasEventos/?ref=br_rs,O) Rivadavia,"Av. José Ignacio de la Roza Oeste 1431, J5400 O) Rivadavia, San Juan, Argentina",4.6,260,https://www.google.com/maps/search/?api=1&query=Las%20Valkirias%20Eventos&query_place_id=ChIJwfOnR_1AgZYRPPTJT8TAVz0
Casa Manuel Restaurante,Restaurante,+54 9 264 580-3040,https://wa.me/5492645803040,Usa instagram.com como web (Oportunidad Alta),https://www.instagram.com/casamanuelsanjuan,Santa Lucía,"sur Avenida Argentina esquina Sarmiento, J5400 Santa Lucía, San Juan, Argentina",4.7,259,https://www.google.com/maps/search/?api=1&query=Casa%20Manuel%20Restaurante&query_place_id=ChIJfYDqOtNrgZYRJHKq4WkyArk
La Jamonada Española,Restaurante,+54 264 662-2935,https://wa.me/5492646622935,Usa facebook.com como web (Oportunidad Alta),https://www.facebook.com/La-jamonada-Espa%C3%B1ola-597555767084838/,E,"D. F. Sarmiento 120, J5419 E, San Juan, Argentina",4.5,250,https://www.google.com/maps/search/?api=1&query=La%20Jamonada%20Espa%C3%B1ola&query_place_id=ChIJZRZpcbRpgZYRH2RzablWfsU
San Patry - Gruas y Servicios San Juan,Servicio de grúa,+54 264 472-7591,https://wa.me/5492644727591,Usa facebook.com como web (Oportunidad Alta),https://www.facebook.com/GruasSanPatry/,San Juan,"Barrio Bardiani Mbk15, PB dpto C, J5400 San Juan, Argentina",4.9,234,https://www.google.com/maps/search/?api=1&query=San%20Patry%20-%20Gruas%20y%20Servicios%20San%20Juan&query_place_id=ChIJj_dauENrgZYRhVIDriBfm3Y
Salón El Angelito,Salón para eventos,+54 264 414-0258,https://wa.me/5492644140258,Usa facebook.com como web (Oportunidad Alta),http://www.facebook.com/salonelangelito,Rivadavia,"&, López Sur, Marchesi &, Rivadavia, San Juan, Argentina",4.1,205,https://www.google.com/maps/search/?api=1&query=Sal%C3%B3n%20El%20Angelito&query_place_id=ChIJ41r2f2dAgZYRpMo9XT-MEfo
Kartodromo La Pista Kart,Circuito de karts,+54 264 475-8143,https://wa.me/5492644758143,Usa instagram.com como web (Oportunidad Alta),https://www.instagram.com/lapistakart/,Argentina,"Ruta 40 entre calle 9 y 10 por callejón contegran a mano izq, Argentina, San Juan, Argentina",4.4,184,https://www.google.com/maps/search/?api=1&query=Kartodromo%20La%20Pista%20Kart&query_place_id=ChIJsbZOvRo-gZYRUw2YhuO9b9g
Doña Benita,Restaurante,+54 264 444-0386,https://wa.me/5492644440386,Usa facebook.com como web (Oportunidad Alta),https://www.facebook.com/donabenita.lomoteca,San Juan,"1515, Av. Guillermo Rawson Norte, San Juan, Tucumán, Argentina",4.2,146,https://www.google.com/maps/search/?api=1&query=Do%C3%B1a%20Benita&query_place_id=ChIJFamMpH1qgZYRVdxwLlzaWhA
Clínica Alvear Especialidades para el Adulto & Estetica,Clínica ambulatoria,+54 264 426-6818,https://wa.me/5492644266818,Usa facebook.com como web (Oportunidad Alta),https://www.facebook.com/share/15u6pw1K1U/?mibextid=wwXIfr,San Juan,"(N),J5400GJA, Matías Zavalla Norte 61 norte, Matías Zavalla Nte. 71, J5400GJA San Juan, Argentina",2.6,143,https://www.google.com/maps/search/?api=1&query=Cl%C3%ADnica%20Alvear%20Especialidades%20para%20el%20Adulto%20%26%20Estetica&query_place_id=ChIJbYMbtEpAgZYR5GlQcmlaDjA
HE Eventos,Salón de bodas,+54 264 514-2091,https://wa.me/5492645142091,Usa instagram.com como web (Oportunidad Alta),https://instagram.com/he_salondeeventos?utm_medium=copy_link,Villa Krause,"Calle Vidart S 3866, (Pasando, Dr. Ortega, J5425 Villa Krause, San Juan, Argentina",4.8,125,https://www.google.com/maps/search/?api=1&query=HE%20Eventos&query_place_id=ChIJacvMY_NBgZYR5K6-G5RJKYY
PAZaTIEMPO,Restaurante,+54 264 562-7494,https://wa.me/5492645627494,Usa instagram.com como web (Oportunidad Alta),https://www.instagram.com/pazatiempoalbardon/,Villa Gral. San Martin,"Libertad Norte 237, J5419 Villa Gral. San Martin, San Juan, Argentina",4.8,121,https://www.google.com/maps/search/?api=1&query=PAZaTIEMPO&query_place_id=ChIJBWAgkmJpgZYRMmgEs2h1eS8
Enfants Pediatria y Especialidades,Médico,+54 264 585-8951,https://wa.me/5492645858951,Usa facebook.com como web (Oportunidad Alta),http://www.facebook.com/enfants.pediatriaespecialidades,San Juan,"Catamarca Sur 52, J5400AHJ San Juan, Argentina",3.2,121,https://www.google.com/maps/search/?api=1&query=Enfants%20Pediatria%20y%20Especialidades&query_place_id=ChIJTTCrlaFBgZYRqzege5Ke1lc
HC Café,Cafetería,+54 264 571-0889,https://wa.me/5492645710889,Usa instagram.com como web (Oportunidad Alta),https://www.instagram.com/hccafe_/,San Juan,"Av. José Ignacio de la Roza Este 716 Este, J5400 San Juan, Argentina",4.6,117,https://www.google.com/maps/search/?api=1&query=HC%20Caf%C3%A9&query_place_id=ChIJ4akpiOhrgZYR7A1lRBYQinQ
NYNA Nails San Juan,Salón de manicura y pedicura,+54 9 264 483-7408,https://wa.me/5492644837408,Usa facebook.com como web (Oportunidad Alta),https://www.facebook.com/nynanails,San Juan,"Toranzo 180, J5400 San Juan, Argentina",4.6,110,https://www.google.com/maps/search/?api=1&query=NYNA%20Nails%20San%20Juan&query_place_id=ChIJj9tMeDVAgZYRpsqKvRr0obs
Psicólogo Alberto A. Mentesana,Psicólogo,+54 264 477-6613,https://wa.me/5492644776613,Usa instagram.com como web (Oportunidad Alta),https://www.instagram.com/lic.albertomentesana.ok?igsh=ODgyZmVyb3NpeTFm,San Juan,"General Paz 3000, J5400 San Juan, Argentina",5,105,https://www.google.com/maps/search/?api=1&query=Psic%C3%B3logo%20Alberto%20A.%20Mentesana&query_place_id=ChIJbScIX51BgZYRXVUvC7F_cRA
El Castillo Eventos,Salón para eventos,+54 264 411-0459,https://wa.me/5492644110459,Usa instagram.com como web (Oportunidad Alta),https://www.instagram.com/el.castilloeventos?igsh=NW9vbHhtYXBzeXFw,San Juan,"Salta Nte. 1795, J5400 San Juan, Argentina",4.7,97,https://www.google.com/maps/search/?api=1&query=El%20Castillo%20Eventos&query_place_id=ChIJy5YxFtNBgZYRWyGQlbaLn_g
Finca Los Almendros,Casa rural,+54 264 567-0964,https://wa.me/5492645670964,Usa facebook.com como web (Oportunidad Alta),https://m.facebook.com/profile.php?id=100023767184917&ref=content_filter,San Juan,"Calle 9, Cervantes y, J5427, San Juan, Argentina",4.4,94,https://www.google.com/maps/search/?api=1&query=Finca%20Los%20Almendros&query_place_id=ChIJC9umAwk_gZYRLpu87F1qrxM
Cuper SRL,Taller de automóviles,+54 264 425-1188,https://wa.me/5492644251188,Usa instagram.com como web (Oportunidad Alta),https://www.instagram.com/cupersrl?igsh=MWdqd2M2aWpsb2V4NA==,Santa Lucía,"Hipólito Yrigoyen Este 1511, J5402 Santa Lucía, San Juan, Argentina",4.6,77,https://www.google.com/maps/search/?api=1&query=Cuper%20SRL&query_place_id=ChIJdfnCiRNrgZYRSF7yawAgDJk
Clínica IMO QUALITY,Clínica especializada,+54 264 427-7265,https://wa.me/5492644277265,Usa facebook.com como web (Oportunidad Alta),https://www.facebook.com/imoquality.medicina/,San Juan,"9 de Julio 153 este, J5402AMC San Juan, Argentina",2.9,71,https://www.google.com/maps/search/?api=1&query=Cl%C3%ADnica%20IMO%20QUALITY&query_place_id=ChIJ0Utx3p1qgZYRhVgS9H9rbrI
Sol de las Sierras - Casa de Campo,Casa rural,+54 264 670-8258,https://wa.me/5492646708258,Usa instagram.com como web (Oportunidad Alta),https://www.instagram.com/soldelassierraszonda/,Zonda,"Las Moras y San Martín Barrio Valle de Velazquez casa 6, J5401 Zonda, San Juan, Argentina",4.5,63,https://www.google.com/maps/search/?api=1&query=Sol%20de%20las%20Sierras%20-%20Casa%20de%20Campo&query_place_id=ChIJ_bmBSwlHgZYRDAiYhJtEGRQ
Mesa Uno Restaurant,Restaurante,+54 264 481-8287,https://wa.me/5492644818287,Usa instagram.com como web (Oportunidad Alta),https://www.instagram.com/mesa1uno?utm_source=ig_web_button_share_sheet&igsh=ZDNlZDc0MzIxNw==,San Juan,"B. Mitre 494 (o, J5400 San Juan, Argentina",4.9,59,https://www.google.com/maps/search/?api=1&query=Mesa%20Uno%20Restaurant&query_place_id=ChIJOzezBhpBgZYRN3CaVDIVT1g
Constanza Esculpidas,Salón de manicura y pedicura,+54 264 584-8654,https://wa.me/5492645848654,Usa instagram.com como web (Oportunidad Alta),http://www.instagram.com/Constanzaesculpidas,San Juan,"Avenida Ignacio de la Roza oeste 431, J5400 San Juan, Argentina",4.7,56,https://www.google.com/maps/search/?api=1&query=Constanza%20Esculpidas&query_place_id=ChIJuWeldDBrgZYR8qfLtiKnVdY
Alba Eventos,Salón para eventos,+54 264 410-4593,https://wa.me/5492644104593,Usa facebook.com como web (Oportunidad Alta),https://www.facebook.com/Alba-Eventos-110404331437859/,Chimbas,"5413, Chimbas, San Juan, Argentina",4.6,54,https://www.google.com/maps/search/?api=1&query=Alba%20Eventos&query_place_id=ChIJQRTfcRFBgZYRwE4QBGlEHTA
Salon de eventos MarDan,Lounge,+54 264 567-1750,https://wa.me/5492645671750,Usa instagram.com como web (Oportunidad Alta),https://instagram.com/mardansaloneventos?igshid=ZDdkNTZiNTM=,San Juan,"Aconcagua y nicolas avellaneda santa lucia, 5411 San Juan, Argentina",4.8,37,https://www.google.com/maps/search/?api=1&query=Salon%20de%20eventos%20MarDan&query_place_id=ChIJz4zErndrgZYRvCUToFayF90
Dra. Veronica Godoy,Dermatólogo,+54 264 630-2079,https://wa.me/5492646302079,Usa instagram.com como web (Oportunidad Alta),https://www.instagram.com/draverogodoy/,San Juan,,4.7,36,https://www.google.com/maps/search/?api=1&query=Dra.%20Veronica%20Godoy&query_place_id=ChIJqdXQLLJBgZYR9tBwFvLIWXc
Eunoia Nail Spa,Centro de estética,+54 264 318-0627,https://wa.me/5492643180627,Usa instagram.com como web (Oportunidad Alta),https://www.instagram.com/eunoianailspa/,San Juan,"Santiago del Estero Sur 1005, J5400 San Juan, Argentina",4.6,33,https://www.google.com/maps/search/?api=1&query=Eunoia%20Nail%20Spa&query_place_id=ChIJy1bVYQBBgZYRIY8rpZScg0Q
RUN PROTEIN BAR by Punto Healthy,Restaurante de comida rápida,+54 264 679-5628,https://wa.me/5492646795628,Usa instagram.com como web (Oportunidad Alta),https://www.instagram.com/run.proteinbar?igsh=MWhuemFxZG1tMzdwMQ==,San Juan,"C. Domingo Faustino Sarmiento 270 sur, J5400 San Juan, Argentina",5,30,https://www.google.com/maps/search/?api=1&query=RUN%20PROTEIN%20BAR%20by%20Punto%20Healthy&query_place_id=ChIJ_31FKwdBgZYRZ9-0Y8i8e9Q
Caem dermatología + estética,Dermatólogo,+54 264 439-0638,https://wa.me/5492644390638,Usa instagram.com como web (Oportunidad Alta),https://www.instagram.com/caem.sj/,San Juan,"Urquiza Sur 412 Ofi 9, J5400 San Juan, Argentina",5,30,https://www.google.com/maps/search/?api=1&query=Caem%20dermatolog%C3%ADa%20%2B%20est%C3%A9tica&query_place_id=ChIJV3bOCu9BgZYRzNNZQxz_WHY
Al Quincho complejo bahia,Salón recreativo,+54 264 547-3219,https://wa.me/5492645473219,Usa instagram.com como web (Oportunidad Alta),https://www.instagram.com/elquincho2024?igsh=MWxsenZmMDJ2YzIxOQ==,Caucete,"J5442 Caucete, San Juan, Argentina",4.5,29,https://www.google.com/maps/search/?api=1&query=Al%20Quincho%20complejo%20bahia&query_place_id=ChIJMa6AO9wPgZYRzfYMv9zbT8c
Psicólogo Sebastián Arce,Psicólogo,+54 264 550-0183,https://wa.me/5492645500183,Usa facebook.com como web (Oportunidad Alta),https://www.facebook.com/proyectarsearg/,San Juan,"Av. Córdoba Este 290, J5400 San Juan, Argentina",4.8,27,https://www.google.com/maps/search/?api=1&query=Psic%C3%B3logo%20Sebasti%C3%A1n%20Arce&query_place_id=ChIJcevXnnlBgZYRJxd1FuEpMzY
PSICOLOGIA SAN JUAN Lic. Vanina Valverde Ortiz,Psicólogo,+54 264 446-6243,https://wa.me/5492644466243,Usa instagram.com como web (Oportunidad Alta),https://www.instagram.com/lic.vaninavalverdeortiz?igsh=MW1jb2hmazBnMGZxNg==,San Juan,"Mendoza Sur 666 SUR 1° piso, dpto. E, J5402GUN San Juan, Argentina",5,25,https://www.google.com/maps/search/?api=1&query=PSICOLOGIA%20SAN%20JUAN%20Lic.%20Vanina%20Valverde%20Ortiz&query_place_id=ChIJ2RL8C81rgZYR9G7OWG59Bm0
Bodega Putruele - Restaurante,Restaurante,+54 9 264 671-1729,https://wa.me/5492646711729,Usa instagram.com como web (Oportunidad Alta),https://www.instagram.com/bodegaputruele/,San Martín,"San Martín, San Juan, Argentina",4.8,19,https://www.google.com/maps/search/?api=1&query=Bodega%20Putruele%20-%20Restaurante&query_place_id=ChIJx4GnAgBrgZYRS2LF04vcLt0
Renacer Eventos,Salón para eventos,+54 264 622-5743,https://wa.me/5492646225743,Usa instagram.com como web (Oportunidad Alta),https://www.instagram.com/renacer.eventos.pj?igsh=MzBwdmVzbW5oaXcx&utm_source=qr,Chimbas,"C. Bonduel N 767, Chimbas, San Juan, Argentina",4.7,19,https://www.google.com/maps/search/?api=1&query=Renacer%20Eventos&query_place_id=ChIJl7kxQABBgZYR1CXB4Fb3L0s
SALON Y ORGANIZACION DE EVENTOS PEUMAYEN,Organizador de eventos,+54 264 404-0316,https://wa.me/5492644040316,Usa facebook.com como web (Oportunidad Alta),https://www.facebook.com/Sal%C3%B3n-Peumayen-871409899724693/,Villa Krause,"C. Vidart S 2401, J5425 Villa Krause, San Juan, Argentina",4.6,18,https://www.google.com/maps/search/?api=1&query=SALON%20Y%20ORGANIZACION%20DE%20EVENTOS%20PEUMAYEN&query_place_id=ChIJIVOtlQZBgZYR1u1ozC0K4YM
"ZAAT Construcciones, Arquitectura, Agrimensura, SIG",Estudio de arquitectura,+54 264 414-5661,https://wa.me/5492644145661,Usa instagram.com como web (Oportunidad Alta),https://www.instagram.com/zaat.sj/,San Juan,"C. Miguel Soler Sur 1163, J5400 San Juan, Argentina",5,16,https://www.google.com/maps/search/?api=1&query=ZAAT%20Construcciones%2C%20Arquitectura%2C%20Agrimensura%2C%20SIG&query_place_id=ChIJvYgYz9pBgZYRrvqOde-Jk3g
LuMax Nails,Centro de estética,+54 264 510-3008,https://wa.me/5492645103008,Usa facebook.com como web (Oportunidad Alta),https://www.facebook.com/lu.max.9003,Caucete,"Av. M. de los Ríos, J5442 Caucete, San Juan, Argentina",4.9,15,https://www.google.com/maps/search/?api=1&query=LuMax%20Nails&query_place_id=ChIJ94bQBpUPgZYRs-yFELgFPT0
Abogada Campos Yamila,Servicios legales,+54 264 472-8950,https://wa.me/5492644728950,Usa instagram.com como web (Oportunidad Alta),https://www.instagram.com/abogadacamposyamila?igsh=MTJvbmY1NnlqYzEzbQ==,San Juan,"Edificio Catamarán, Aberastain 137 sur 3° piso, oficina A, J5400 San Juan, Argentina",5,12,https://www.google.com/maps/search/?api=1&query=Abogada%20Campos%20Yamila&query_place_id=ChIJjR6MbChrgZYR33aDAX8Gavo
Pivot kinesiologia,Fisioterapeuta,+54 9 266 475-2590,https://wa.me/5492664752590,Usa instagram.com como web (Oportunidad Alta),https://www.instagram.com/pivot.kine?igsh=MTV5Y3NkYnN3YjBhZg==,J5402APA,"Av. Leandro N. Alem Sur 795 Sur, J5402APA J5402APA, San Juan, Argentina",5,12,https://www.google.com/maps/search/?api=1&query=Pivot%20kinesiologia&query_place_id=ChIJcbpOSABrgZYRDnoOkMB9RTk
Estudio Jurídico Julieta Campillay,Abogado,+54 4219506,https://wa.me/544219506,Usa instagram.com como web (Oportunidad Alta),https://www.instagram.com/abogadajulietacampillay/,CBF,"San Lorenzo Este 260, J5400 CBF, San Juan, Argentina",4.7,12,https://www.google.com/maps/search/?api=1&query=Estudio%20Jur%C3%ADdico%20Julieta%20Campillay&query_place_id=ChIJVZavjExrgZYRSM8KeT-xIBc
BABSIA LUNCH,Centro comercial,+54 264 528-6278,https://wa.me/5492645286278,Usa facebook.com como web (Oportunidad Alta),https://www.facebook.com/Babsia-Lunch-573343263119645/,San Juan,"Gral. Mariano Acha Nte. 780, J5400 San Juan, Argentina",4.4,12,https://www.google.com/maps/search/?api=1&query=BABSIA%20LUNCH&query_place_id=ChIJtXhGcdVBgZYRizqJJbjX5tU
Clínica María Auxiliadora,Psicólogo,+54 264 661-1513,https://wa.me/5492646611513,Usa instagram.com como web (Oportunidad Alta),https://instagram.com/clinica.maria.auxiliadora.sj?igshid=YTM0ZjI4ZDI=,Rawson,"Mendoza Sur 3728 Sur, J5425 Rawson, San Juan, Argentina",4.8,9,https://www.google.com/maps/search/?api=1&query=Cl%C3%ADnica%20Mar%C3%ADa%20Auxiliadora&query_place_id=ChIJQ8E6EkA_gZYRqw7kuQnJKyE
Dieta Club Cormillot,Nutricionista,+54 264 427-8667,https://wa.me/5492644278667,Usa facebook.com como web (Oportunidad Alta),https://www.facebook.com/dietasanjuanoficial,AEO,"Av. Córdoba Oeste 142, J5402 AEO, San Juan, Argentina",4.3,9,https://www.google.com/maps/search/?api=1&query=Dieta%20Club%20Cormillot&query_place_id=ChIJMw6gsidAgZYRZejWo9g87Wc
Omada Quirurgico,Cirujano plástico,+54 264 423-1240,https://wa.me/5492644231240,Usa facebook.com como web (Oportunidad Alta),https://www.facebook.com/OmadaSJ,San Juan,"i d la roza 2350 Oeste, J5400 San Juan, Argentina",3.7,6,https://www.google.com/maps/search/?api=1&query=Omada%20Quirurgico&query_place_id=ChIJpwJ8mk5AgZYRd1S2N5wEQ4o
Lelu Nails,Centro de estética,+54 264 555-0612,https://wa.me/5492645550612,Usa instagram.com como web (Oportunidad Alta),https://instagram.com/lelunails.sj?igshid=MzNlNGNkZWQ4Mg==,San Juan,"25 de Mayo Este 222 este, J5400 San Juan, Argentina",5,6,https://www.google.com/maps/search/?api=1&query=Lelu%20Nails&query_place_id=ChIJTweZYRRrgZYRrE9VkH07rYU
PNT carteleria,Diseñador gráfico,+54 264 472-7146,https://wa.me/5492644727146,Usa instagram.com como web (Oportunidad Alta),https://www.instagram.com/pntcarteleria?igsh=Z3AwdWU1ZzY1d202,San Juan,"Lateral Oeste de Avenida Circunvalación, J5402 San Juan, Argentina",5,5,https://www.google.com/maps/search/?api=1&query=PNT%20carteleria&query_place_id=ChIJXxxeJwBBgZYR4lZzF1VaVJM
Erilu Nails,Salón de manicura y pedicura,+54 264 624-4390,https://wa.me/5492646244390,Usa instagram.com como web (Oportunidad Alta),https://www.instagram.com/Erilu.nails,San Juan,"J5400 San Juan, Argentina",5,5,https://www.google.com/maps/search/?api=1&query=Erilu%20Nails&query_place_id=ChIJD9ak-qJrgZYRttOWqLovSNE
Esp. Lic. Norberto Pons,Neuropsicólogo,+54 264 468-3127,https://wa.me/5492644683127,Usa facebook.com como web (Oportunidad Alta),https://www.facebook.com/neurocienciasanjuan/?ref=bookmarks,San Juan,"General Paz 316 oeste, J5402DIM San Juan, Argentina",5,4,https://www.google.com/maps/search/?api=1&query=Esp.%20Lic.%20Norberto%20Pons&query_place_id=ChIJT-wt6YRqgZYR3afu8exbJ6M
Rina Belleza salon de uñas,Salón de manicura y pedicura,+54 264 563-8066,https://wa.me/5492645638066,Usa instagram.com como web (Oportunidad Alta),https://instagram.com/rina_belleza?utm_medium=copy_link,San Juan,"Las marias, J5427, San Juan, Argentina",5,4,https://www.google.com/maps/search/?api=1&query=Rina%20Belleza%20salon%20de%20u%C3%B1as&query_place_id=ChIJQeIrnFw_gZYR6iEkRnmqnfA
NICO FARIAS - PRODUCTOS NUTRIRTE,Nutricionista,+54 264 455-9874,https://wa.me/5492644559874,Usa facebook.com como web (Oportunidad Alta),https://www.facebook.com/Nico-Farias-Productos-Nutrirte-102486657849267/,San Juan,"Manzana E - Casa 4, J5400 San Juan, Argentina",4.5,2,https://www.google.com/maps/search/?api=1&query=NICO%20FARIAS%20-%20PRODUCTOS%20NUTRIRTE&query_place_id=ChIJ_6wQVUtrgZYRC21ufJTomr4
Centro Fisiokinesico San Juan,Kinesiólogo,+54 264 416-3753,https://wa.me/5492644163753,Usa instagram.com como web (Oportunidad Alta),https://www.instagram.com/centrofisiokinesico/,Santa Lucía,"J. M. de Pueyrredón Sur 50 sur, J5411 Santa Lucía, San Juan, Argentina",5,2,https://www.google.com/maps/search/?api=1&query=Centro%20Fisiokinesico%20San%20Juan&query_place_id=ChIJd_dmfeRrgZYRxCYOMGbfz6A
Catalina-Eventos,Organizador de eventos,+54 264 480-4586,https://wa.me/5492644804586,Usa facebook.com como web (Oportunidad Alta),https://www.facebook.com/profile.php?id=100074397627625,Rivadavia,"Barrio; Aramburu, Cap. Hugo E Emi Manzana 6 casa 3, calle:, J5400 Rivadavia, San Juan, Argentina",5,2,https://www.google.com/maps/search/?api=1&query=Catalina-Eventos&query_place_id=ChIJYab2l6RBgZYRzvNw-BWPe40
RAKHI CONSULTORIOS,Psicólogo,+54 264 463-1370,https://wa.me/5492644631370,Usa instagram.com como web (Oportunidad Alta),https://instagram.com/consultoriosrakhi?igshid=NGVhN2U2NjQ0Yg==,San Juan,"Jujuy Sur 71, J5400 San Juan, Argentina",5,1,https://www.google.com/maps/search/?api=1&query=RAKHI%20CONSULTORIOS&query_place_id=ChIJD7osOE1rgZYRIQKr2_2OLI8
Ava Nails,Esteticista,+54 264 584-8156,https://wa.me/5492645848156,Usa facebook.com como web (Oportunidad Alta),https://www.facebook.com/avanailssanjuan,San Juan,"Av. Libertador Gral. San Martín 1826, J5400 San Juan, Argentina",5,1,https://www.google.com/maps/search/?api=1&query=Ava%20Nails&query_place_id=ChIJVVXl2UpAgZYRaqIZ0uKQAv8
Senda verde 💚,Tienda general,+54 264 416-2278,https://wa.me/5492644162278,Usa instagram.com como web (Oportunidad Alta),https://www.instagram.com/senda_verdee?igsh=MW42bHEweTQxdHp0eg==,San Juan,"B. Rivadavia Oeste 816, J5402DFT San Juan, Argentina",5,1,https://www.google.com/maps/search/?api=1&query=Senda%20verde%20%F0%9F%92%9A&query_place_id=ChIJ-3m4AjNAgZYRbOV9WqghGf8
NUTRIKIN. Nutrición y kinesiologia,Clínica ambulatoria,+54 9 264 587-0301,https://wa.me/5492645870301,Usa instagram.com como web (Oportunidad Alta),http://www.instagram.com/NutriKin,J5402ETI,"General, Martín Güemes Sur 407, J5402ETI, San Juan, Argentina",5,1,https://www.google.com/maps/search/?api=1&query=NUTRIKIN.%20Nutrici%C3%B3n%20y%20kinesiologia&query_place_id=ChIJO1lrWBVrgZYRTTMvC77IeXE
Ianisa Nails,Salón de manicura y pedicura,+54 264 481-7498,https://wa.me/5492644817498,Usa instagram.com como web (Oportunidad Alta),https://www.instagram.com/ianisanails?igsh=Zjh0Zng4YmtzemZp,Chimbas,"5400, J5413 Chimbas, San Juan, Argentina",5,1,https://www.google.com/maps/search/?api=1&query=Ianisa%20Nails&query_place_id=ChIJP1dvKwBDgZYR9PWVXLQs_tY
Mg. Lic. Mariela Oviedo,Psicólogo,+54 11 2899-9115,https://wa.me/5491128999115,Usa instagram.com como web (Oportunidad Alta),https://www.instagram.com/mg.lic.mariela.oviedo?igsh=NzIyNzEya3czM3Bt,San Juan,"Francisco N. Laprida Oeste 1720 oeste, J5400 San Juan, Argentina",,0,https://www.google.com/maps/search/?api=1&query=Mg.%20Lic.%20Mariela%20Oviedo&query_place_id=ChIJMyn_R_NBgZYRis8fYIwiDVw
Alma salón de eventos,Salón para eventos,+54 264 458-8023,https://wa.me/5492644588023,Usa instagram.com como web (Oportunidad Alta),https://www.instagram.com/alma.salon.eventos?igsh=bjBlcHhheDhqaGk3,Las Chacritas,"CH2V+R3, Las Chacritas, San Juan, Argentina",,0,https://www.google.com/maps/search/?api=1&query=Alma%20sal%C3%B3n%20de%20eventos&query_place_id=ChIJs-5QJwATgZYRTwVBr0WFrDY
Consultorio Lic. en Nutrición Julieta Rojo,Nutricionista,+54 264 410-4606,https://wa.me/5492644104606,Usa instagram.com como web (Oportunidad Alta),https://www.instagram.com/lic.julietarojo?igsh=MXc5MHJuMzlqOTUyOQ%3D%3D&utm_source=qr,J5400AQB,"Av. Libertador Gral. San Martin Este 149, J5400AQB J5400AQB, San Juan, Argentina",,0,https://www.google.com/maps/search/?api=1&query=Consultorio%20Lic.%20en%20Nutrici%C3%B3n%20Julieta%20Rojo&query_place_id=ChIJu7H-ewBrgZYRn2WOW1juMz8
Yo Invito,Organizador de eventos,+54 264 455-1511,https://wa.me/5492644551511,Usa instagram.com como web (Oportunidad Alta),https://www.instagram.com/yo_invitosj?igsh=dndxOWZkanc2YTlo,Rawson,"Barrio UTA, Bariloche MBK 21, J5425 Rawson, San Juan, Argentina",,0,https://www.google.com/maps/search/?api=1&query=Yo%20Invito&query_place_id=ChIJdZ-Lu3VBgZYRfRodkv_7hfE
Monalisa nails,Salón de manicura y pedicura,+54 264 567-0011,https://wa.me/5492645670011,Usa instagram.com como web (Oportunidad Alta),https://www.instagram.com/monalisa_congarritas?igsh=aGJiNHpyb3MwMWdn,Chimbas,"barrio, Rene Favaloro Oeste, J5413 Chimbas, San Juan, Argentina",,0,https://www.google.com/maps/search/?api=1&query=Monalisa%20nails&query_place_id=ChIJa-avFfZBgZYR5Jw046kONBA
Valdez Autos Sj,Concesionario de automóviles,+54 264 545-4800,https://wa.me/5492645454800,Usa facebook.com como web (Oportunidad Alta),https://www.facebook.com/valdezautossj?mibextid=ZbWKwL,San Juan,"Estados Unidos Sur 926 sur, J5400 San Juan, Argentina",,0,https://www.google.com/maps/search/?api=1&query=Valdez%20Autos%20Sj&query_place_id=ChIJnbt8ImFrgZYRjTQLgPEmpes
Belleza Manosypies AG,Salón de manicura y pedicura,+54 264 561-7498,https://wa.me/5492645617498,Usa instagram.com como web (Oportunidad Alta),https://www.instagram.com/belleza.manosypies_?igsh=MW9pZ2dmNGdkc2g1Zg==,San Juan,"J5400 San Juan, Argentina",,0,https://www.google.com/maps/search/?api=1&query=Belleza%20Manosypies%20AG&query_place_id=ChIJ5dV5r55BgZYRs_VMCD-vjpI
Restaurante Palito - Club Sirio Libanés,Restaurante sirio,+54 264 422-3841,https://wa.me/5492644223841,No tiene sitio web (Oportunidad Máxima),,San Juan,"Entre Ríos Sur 33, J5402EEA San Juan, Argentina",4.4,2698,https://www.google.com/maps/search/?api=1&query=Restaurante%20Palito%20-%20Club%20Sirio%20Liban%C3%A9s&query_place_id=ChIJ50auoClAgZYRqKi_MoZG4wY
Gomez Antonio E Hijos,Restaurante de cocina española,+54 264 422-9406,https://wa.me/5492644229406,No tiene sitio web (Oportunidad Máxima),,San Juan,"Gral Mariano Acha Sur 447, J5402EGI San Juan, Argentina",4.2,2298,https://www.google.com/maps/search/?api=1&query=Gomez%20Antonio%20E%20Hijos&query_place_id=ChIJM1IcZJ1qgZYRq16GIKiCJqs
Hormiga Roja Beer Bar,Restaurante,+54 264 602-2027,https://wa.me/5492646022027,No tiene sitio web (Oportunidad Máxima),,Santa Lucía,"Av. Libertador Gral. San Martin Este 2016, J5411 Santa Lucía, San Juan, Argentina",4.4,1067,https://www.google.com/maps/search/?api=1&query=Hormiga%20Roja%20Beer%20Bar&query_place_id=ChIJKaC9mfJrgZYRgufumqPYTbQ
Lomoteca La Costumbre,Restaurante,+54 264 428-3008,https://wa.me/5492644283008,No tiene sitio web (Oportunidad Máxima),,Villa Krause,"Godoy Sur 4042, J5425 Villa Krause, San Juan, Argentina",4.1,884,https://www.google.com/maps/search/?api=1&query=Lomoteca%20La%20Costumbre&query_place_id=ChIJ413Nz_U_gZYRTbt5jQQPDBc
Alfonsina Café y Bar,Bar restaurante,+54 264 501-6761,https://wa.me/5492645016761,No tiene sitio web (Oportunidad Máxima),,San Juan,"Av. Libertador Gral. San Martín, J5442 San Juan, Argentina",4.2,858,https://www.google.com/maps/search/?api=1&query=Alfonsina%20Caf%C3%A9%20y%20Bar&query_place_id=ChIJkc8In65BgZYRFy4ihQVwXmQ
Salón El Prado,Salón para eventos,+54 264 413-7277,https://wa.me/5492644137277,No tiene sitio web (Oportunidad Máxima),,San Juan,"Agustín Gómez, San Juan, Argentina",4.4,677,https://www.google.com/maps/search/?api=1&query=Sal%C3%B3n%20El%20Prado&query_place_id=ChIJh2wi-QEVgZYRXwCXl6wa0qU
Parrilla El Astiqueño,Parrilla,+54 9 264 589-9356,https://wa.me/5492645899356,No tiene sitio web (Oportunidad Máxima),,Villa San Agustín,"1261, J5544 Villa San Agustín, San Juan, Argentina",4.2,581,https://www.google.com/maps/search/?api=1&query=Parrilla%20El%20Astique%C3%B1o&query_place_id=ChIJGTvyWHx0gpYRakDTzZR80X0
Quinta Nazareno,Salón para eventos,+54 264 508-1514,https://wa.me/5492645081514,No tiene sitio web (Oportunidad Máxima),,San Juan,"Calle 8 y costa canal, Argentina",4.6,566,https://www.google.com/maps/search/?api=1&query=Quinta%20Nazareno&query_place_id=ChIJYdNm9jg_gZYRlP2tphvAe3s
Palmares Salón de Eventos,Salón para eventos,+54 9 264 446-7560,https://wa.me/5492644467560,No tiene sitio web (Oportunidad Máxima),,Chimbas,"Centenario Oeste 837, J5413 Chimbas, San Juan, Argentina",4.6,465,https://www.google.com/maps/search/?api=1&query=Palmares%20Sal%C3%B3n%20de%20Eventos&query_place_id=ChIJIf6Q2oFBgZYR5kRAbRHwRAs
Ricos Lomos,Restaurante,+54 264 514-0016,https://wa.me/5492645140016,No tiene sitio web (Oportunidad Máxima),,Villa San Agustín,"J5449 Villa San Agustín, San Juan, Argentina",4.4,452,https://www.google.com/maps/search/?api=1&query=Ricos%20Lomos&query_place_id=ChIJfT5odXl0gpYRbFisqCbaLos
Yuli Comidas Tradicionales,Restaurante,+54 264 444-5562,https://wa.me/5492644445562,No tiene sitio web (Oportunidad Máxima),,Villa San Agustín,"Tucuman, Villa San Agustín, San Juan, Argentina",4.1,439,https://www.google.com/maps/search/?api=1&query=Yuli%20Comidas%20Tradicionales&query_place_id=ChIJp97XLRt1gpYRcWH7RcmmfZk
Bardertroya,Restaurante,+54 264 417-7475,https://wa.me/5492644177475,No tiene sitio web (Oportunidad Máxima),,San Juan,"5400, San Juan, Argentina",4,435,https://www.google.com/maps/search/?api=1&query=Bardertroya&query_place_id=ChIJWcE2EotBgZYRlPV6O82TM50
ADePU Liga de Profesionales,Campo de fútbol,+54 264 508-3712,https://wa.me/5492645083712,No tiene sitio web (Oportunidad Máxima),,Santa Lucía,"J5438 Santa Lucía, San Juan, Argentina",4.5,359,https://www.google.com/maps/search/?api=1&query=ADePU%20Liga%20de%20Profesionales&query_place_id=ChIJW6QYaRNrgZYRGYBLBEaGwTI
Salon Peumayen Eventos,Salón para eventos,+54 264 404-0316,https://wa.me/5492644040316,No tiene sitio web (Oportunidad Máxima),,Pocito,"Pocito, San Juan, Argentina",4.7,357,https://www.google.com/maps/search/?api=1&query=Salon%20Peumayen%20Eventos&query_place_id=ChIJE_5ft-Q-gZYRHUaFroEA5Hw
Las Margaritas Eventos,Recinto para eventos,+54 264 439-7509,https://wa.me/5492644397509,No tiene sitio web (Oportunidad Máxima),,San Juan,"Lateral de acceso sur antes de General Acha Rawson, 5400 San Juan, Argentina",4.4,356,https://www.google.com/maps/search/?api=1&query=Las%20Margaritas%20Eventos&query_place_id=ChIJcekEpaxqgZYRMWWfW5iMWig
Salon Kawin Sociales,Salón para eventos,+54 9 264 443-1456,https://wa.me/5492644431456,No tiene sitio web (Oportunidad Máxima),,Santa Lucía,"Hipólito Yrigoyen Este 3845 Este, J5411 Santa Lucía, San Juan, Argentina",4.6,354,https://www.google.com/maps/search/?api=1&query=Salon%20Kawin%20Sociales&query_place_id=ChIJny8s2thqgZYR3ZGJ2m541SQ
La Cabaña,Bar,+54 264 444-1331,https://wa.me/5492644441331,No tiene sitio web (Oportunidad Máxima),,Caucete,"RN141, J5400 Caucete, San Juan, Argentina",4.6,318,https://www.google.com/maps/search/?api=1&query=La%20Caba%C3%B1a&query_place_id=ChIJhw0XPaOtgZYRkC8nDeOl7_U
Eventos Don Gato,Salón de bodas,+54 264 423-2359,https://wa.me/5492644232359,No tiene sitio web (Oportunidad Máxima),,Rivadavia,"C. Cipolletti N 61, J5413 Rivadavia, San Juan, Argentina",4.2,317,https://www.google.com/maps/search/?api=1&query=Eventos%20Don%20Gato&query_place_id=ChIJNw6SEJxBgZYRGy2AXYaXwlk
"Restó ""Los Nietos""",Restaurante,+54 264 617-2206,https://wa.me/5492646172206,No tiene sitio web (Oportunidad Máxima),,Santa Lucía,"Acceso este a, ruta 20, J5411 Santa Lucía, San Juan, Argentina",4.5,287,https://www.google.com/maps/search/?api=1&query=Rest%C3%B3%20%22Los%20Nietos%22&query_place_id=ChIJzUz7sfFrgZYRi0Agv71ipqk
Esteso Salón,Salón para eventos,+54 264 465-1614,https://wa.me/5492644651614,No tiene sitio web (Oportunidad Máxima),,Santa Lucía,"Balcarce 1225 Sur, J5411 Santa Lucía, San Juan, Argentina",4.4,255,https://www.google.com/maps/search/?api=1&query=Esteso%20Sal%C3%B3n&query_place_id=ChIJ__XD9KJqgZYReQ1Mz12KAqQ
Clinica Veterinaria Alem,Cuidados veterinarios,+54 264 422-4058,https://wa.me/5492644224058,No tiene sitio web (Oportunidad Máxima),,J5402DYN,"Avenida Leandro N. Alem Norte 74, J5400DUN J5402DYN, San Juan, Argentina",4.4,247,https://www.google.com/maps/search/?api=1&query=Clinica%20Veterinaria%20Alem&query_place_id=ChIJV6M8wi5AgZYRhgjXFq7Y5Z0
Pikasso Salón,Salón para eventos,+54 9 264 412-1242,https://wa.me/5492644121242,No tiene sitio web (Oportunidad Máxima),,Rivadavia,"Bolivia, J5400 Rivadavia, San Juan, Argentina",3.9,240,https://www.google.com/maps/search/?api=1&query=Pikasso%20Sal%C3%B3n&query_place_id=ChIJW1DxvkJAgZYRL_-l0VsYFxg
Milenios Salón de Eventos,Salón para eventos,+54 264 504-4038,https://wa.me/5492645044038,No tiene sitio web (Oportunidad Máxima),,San Juan,"Lateral de circunvalación 656 Norte Santa Lucía, J5400 San Juan, Argentina",4.7,213,https://www.google.com/maps/search/?api=1&query=Milenios%20Sal%C3%B3n%20de%20Eventos&query_place_id=ChIJo-7OxW1rgZYRpCqSUltpa9M
La Tila Resto,Restaurante,+54 9 264 447-0230,https://wa.me/5492644470230,No tiene sitio web (Oportunidad Máxima),,Villa San Agustín,"Terminal de Ómnibus, J5449 Villa San Agustín, San Juan, Argentina",4.2,208,https://www.google.com/maps/search/?api=1&query=La%20Tila%20Resto&query_place_id=ChIJeb_rV3l0gpYRp8Z6TreDMWQ
El Cerezo - EVENTOS Y RESTO,Salón para eventos,+54 264 508-9528,https://wa.me/5492645089528,No tiene sitio web (Oportunidad Máxima),,Pocito,"Pocito, San Juan, Argentina",4.4,197,https://www.google.com/maps/search/?api=1&query=El%20Cerezo%20-%20EVENTOS%20Y%20RESTO&query_place_id=ChIJ0xa0kvQ-gZYRXf3plE2vNI0
Parque Mágico salón de eventos,Salón para eventos,+54 264 627-2636,https://wa.me/5492646272636,No tiene sitio web (Oportunidad Máxima),,Santa Lucía,"Ramón Franco 650, J5411 Santa Lucía, San Juan, Argentina",4.9,191,https://www.google.com/maps/search/?api=1&query=Parque%20M%C3%A1gico%20sal%C3%B3n%20de%20eventos&query_place_id=ChIJu1Rsa9FrgZYRroKlEFCkb0o
La Herminia Restó de Campo,Restaurante,+54 9 264 565-5944,https://wa.me/5492645655944,No tiene sitio web (Oportunidad Máxima),,Santa Lucía,"Santa Lucía, San Juan, Argentina",4.4,188,https://www.google.com/maps/search/?api=1&query=La%20Herminia%20Rest%C3%B3%20de%20Campo&query_place_id=ChIJwYzJSm9rgZYRqZAdW3qloWw
Pilon Restaurante,Restaurante,+54 11 5930-5219,https://wa.me/5491159305219,No tiene sitio web (Oportunidad Máxima),,Las Casuarinas,"RP279, Las Casuarinas, San Juan, Argentina",4.5,180,https://www.google.com/maps/search/?api=1&query=Pilon%20Restaurante&query_place_id=ChIJNdS0TEoDgZYR3qKOl2e2rBk
Grúas Maipú,Desguace,+54 264 444-2891,https://wa.me/5492644442891,No tiene sitio web (Oportunidad Máxima),,San Juan,"Maipu557 este, J5400 San Juan, Argentina",4.9,179,https://www.google.com/maps/search/?api=1&query=Gr%C3%BAas%20Maip%C3%BA&query_place_id=ChIJGde7SoVrgZYRHirMROHSCGc
Cabañas y Salon 'La Noria',Agencia de alquiler de cabañas,+54 264 459-1207,https://wa.me/5492644591207,No tiene sitio web (Oportunidad Máxima),,Sanchez de Loria,"Calle7, Frente al estacionamiento del velódromo Vicente Chancay, Gral Mariano Acha Sur entre Ruta 40 y, J5427, San Juan, Argentina",4.3,178,https://www.google.com/maps/search/?api=1&query=Caba%C3%B1as%20y%20Salon%20'La%20Noria'&query_place_id=ChIJ69gmSX4_gZYRe2LKKVPJgyg
Puerto Madero Eventos,Recinto para eventos,+54 264 662-6166,https://wa.me/5492646626166,No tiene sitio web (Oportunidad Máxima),,Rawson,"J5425 Rawson, San Juan, Argentina",4.7,141,https://www.google.com/maps/search/?api=1&query=Puerto%20Madero%20Eventos&query_place_id=ChIJU8onxVwVgZYRkUw7fPQ8VLw
Posta Chacrita salon de eventos,Salón para eventos,+54 264 447-8371,https://wa.me/5492644478371,No tiene sitio web (Oportunidad Máxima),,Nueve de Julio,"RN20 Km 11, de, J5417 Nueve de Julio, San Juan, Argentina",4.7,139,https://www.google.com/maps/search/?api=1&query=Posta%20Chacrita%20salon%20de%20eventos&query_place_id=ChIJBe8jy-gTgZYRxs0URnHcIHI
San Isidro Eventos,Salón para eventos,+54 264 483-7758,https://wa.me/5492644837758,No tiene sitio web (Oportunidad Máxima),,Caucete,"Guillermo Rawson 231, J5442 Caucete, San Juan, Argentina",4.2,138,https://www.google.com/maps/search/?api=1&query=San%20Isidro%20Eventos&query_place_id=ChIJwbzchP4OgZYR0r8fHNCg828
La Martina resto bar,Restaurante,+54 38334027818,https://wa.me/54938334027818,No tiene sitio web (Oportunidad Máxima),,Villa San Agustín,"Rivadavia 617, J5440 Villa San Agustín, San Juan, Argentina",4.7,126,https://www.google.com/maps/search/?api=1&query=La%20Martina%20resto%20bar&query_place_id=ChIJjxZvQgB1gpYRsyyh18hhq84
Estética Sabatié -Patio Alvear,Esteticista,+54 264 415-5769,https://wa.me/5492644155769,No tiene sitio web (Oportunidad Máxima),,ASS,"Av. Libertador Gral. San Martín 1784, J5400 ASS, San Juan, Argentina",4.1,111,https://www.google.com/maps/search/?api=1&query=Est%C3%A9tica%20Sabati%C3%A9%20-Patio%20Alvear&query_place_id=ChIJVR8-4wBBgZYRJo85scLX6gQ
El A eventos,Recinto para eventos,+54 264 529-5308,https://wa.me/5492645295308,No tiene sitio web (Oportunidad Máxima),,Villa Krause,"Boulevard sarmiento, Mendoza Sur y, Villa Krause, San Juan, Argentina",4.3,106,https://www.google.com/maps/search/?api=1&query=El%20A%20eventos&query_place_id=ChIJNSqN_ro_gZYR5T2xxt5zxn4
Instituto de Diabetes y Endocrinología,Nutricionista,+54 264 422-1069,https://wa.me/5492644221069,No tiene sitio web (Oportunidad Máxima),,San Juan,"Mendoza Sur 683, J5400 San Juan, Argentina",3.9,98,https://www.google.com/maps/search/?api=1&query=Instituto%20de%20Diabetes%20y%20Endocrinolog%C3%ADa&query_place_id=ChIJ99lRWydAgZYR0S2f8nnm7FM
Parador Los Morteros,Restaurante,+54 264 584-1424,https://wa.me/5492645841424,No tiene sitio web (Oportunidad Máxima),,Las Tumanas,"Ruta 510 Río, 5447 Las Tumanas, San Juan, Argentina",4.2,97,https://www.google.com/maps/search/?api=1&query=Parador%20Los%20Morteros&query_place_id=ChIJpYyEMuX8KZQRyWbIWWP18Hc
Monet Eventos,Recinto para eventos,+54 264 410-6305,https://wa.me/5492644106305,No tiene sitio web (Oportunidad Máxima),,San Juan,"Agustín Gómez Oeste 1341-1399, J5402BYY San Juan, Argentina",4.2,94,https://www.google.com/maps/search/?api=1&query=Monet%20Eventos&query_place_id=ChIJ78M7NT5AgZYRdO51sNdkWnQ
Las Rocas Eventos,Salón para eventos,+54 264 446-0528,https://wa.me/5492644460528,No tiene sitio web (Oportunidad Máxima),,Rivadavia,"Av. Nazario Benavidez Oeste 5108 Oeste, J5413 Rivadavia, San Juan, Argentina",4.2,87,https://www.google.com/maps/search/?api=1&query=Las%20Rocas%20Eventos&query_place_id=ChIJ83TlT2lBgZYRJgU7Vy3k_Cg
Gabriela Di Carlo Estilista,Estilista,+54 264 566-8751,https://wa.me/5492645668751,No tiene sitio web (Oportunidad Máxima),,Villa Krause,"Torino Oeste 652, J5425 Villa Krause, San Juan, Argentina",4.8,85,https://www.google.com/maps/search/?api=1&query=Gabriela%20Di%20Carlo%20Estilista&query_place_id=ChIJ8evSxPM_gZYRvAPx0lyf5Z8
Proderma - Clínica de la Piel,Dermatólogo,+54 264 554-9595,https://wa.me/5492645549595,No tiene sitio web (Oportunidad Máxima),,DTD,"Santiago del Estero Nte. 124, J5400 DTD, San Juan, Argentina",3.2,84,https://www.google.com/maps/search/?api=1&query=Proderma%20-%20Cl%C3%ADnica%20de%20la%20Piel&query_place_id=ChIJI2qI7E1BgZYRK0_0Ix0rPg4
OESTE SALUD,Clínica ambulatoria,+54 264 584-8100,https://wa.me/5492645848100,No tiene sitio web (Oportunidad Máxima),,J5400AHC,"25 de Mayo Oeste 157, J5400AHC J5400AHC, San Juan, Argentina",3.9,75,https://www.google.com/maps/search/?api=1&query=OESTE%20SALUD&query_place_id=ChIJM5GTCWVBgZYRvCnqa5JLX5M
Cardales Salón de Eventos,Salón de bodas,+54 264 509-2602,https://wa.me/5492645092602,No tiene sitio web (Oportunidad Máxima),,Caucete,"Cristóbal Colón, J5442 Caucete, San Juan, Argentina",4.8,71,https://www.google.com/maps/search/?api=1&query=Cardales%20Sal%C3%B3n%20de%20Eventos&query_place_id=ChIJR3cdKAoPgZYRkPq5b0Nmryg
Parripollo Pio Pio,Pollería,+54 264 498-8365,https://wa.me/5492644988365,No tiene sitio web (Oportunidad Máxima),,Villa San Agustín,"J5449 Villa San Agustín, San Juan, Argentina",4.4,67,https://www.google.com/maps/search/?api=1&query=Parripollo%20Pio%20Pio&query_place_id=ChIJZz5sMXF0gpYRF1nRcuMEA_k
B-J Oils Lubricentro,Servicio de cambio de aceite,+54 264 588-9477,https://wa.me/5492645889477,No tiene sitio web (Oportunidad Máxima),,Rivadavia,"Rastreador Calivar Sur, Cristobal Colon Oeste &, Rivadavia, San Juan, Argentina",4.8,65,https://www.google.com/maps/search/?api=1&query=B-J%20Oils%20Lubricentro&query_place_id=ChIJafZIkw9BgZYRHeD9T6AGgbQ
Ferrero Jose - Med Dermatologo,Médico,+54 264 422-4464,https://wa.me/5492644224464,No tiene sitio web (Oportunidad Máxima),,San Juan,"Entre Ríos Sur 697, J5402EEM San Juan, Argentina",2.9,53,https://www.google.com/maps/search/?api=1&query=Ferrero%20Jose%20-%20Med%20Dermatologo&query_place_id=ChIJizpyOydAgZYRFcSRl0-f7kM
Finquita La Consentida,Salón para eventos,+54 264 441-9284,https://wa.me/5492644419284,No tiene sitio web (Oportunidad Máxima),,San Juan,"C. Vidart S, San Juan, Argentina",4.7,52,https://www.google.com/maps/search/?api=1&query=Finquita%20La%20Consentida&query_place_id=ChIJacA9IW8_gZYRKqSKTzVt52c
Edgardo Corradi Odontologo,Clínica ambulatoria,+54 264 410-7232,https://wa.me/5492644107232,No tiene sitio web (Oportunidad Máxima),,San Juan,"Catamarca Sur 457 sur, J5400 San Juan, Argentina",2.8,49,https://www.google.com/maps/search/?api=1&query=Edgardo%20Corradi%20Odontologo&query_place_id=ChIJmRegDSZAgZYR-RFteWyJxG0
Automovil Club Argentino,Buffet libre,+54 2646 42-0124,https://wa.me/5492646420124,No tiene sitio web (Oportunidad Máxima),,Villa San Agustín,"Tucum n S/n, Valle F rtil, San Juan, Argentina",4.6,44,https://www.google.com/maps/search/?api=1&query=Automovil%20Club%20Argentino&query_place_id=ChIJn7srzGJ0gpYROa3QmvQcQws
comidas para llevar lili,Restaurante,+54 380 460-1321,https://wa.me/5493804601321,No tiene sitio web (Oportunidad Máxima),,Rojas,"Av.rivadavia entre sarmiento y Tomas, Rojas, Argentina",3.9,44,https://www.google.com/maps/search/?api=1&query=comidas%20para%20llevar%20lili&query_place_id=ChIJtcmNKqF1gpYR0L-YVlpQaII
Clìnica Cordoba Salud,Nutricionista,+54 264 446-1850,https://wa.me/5492644461850,No tiene sitio web (Oportunidad Máxima),,San Juan,"Av. Cordoba 56 este, J5400 San Juan, Argentina",2.8,44,https://www.google.com/maps/search/?api=1&query=Cl%C3%ACnica%20Cordoba%20Salud&query_place_id=ChIJqVtrPWhrgZYRW7e8S6Q9HMI
Herrería Hefesto,Herrero,+54 264 410-0616,https://wa.me/5492644100616,No tiene sitio web (Oportunidad Máxima),,San Juan,"Lateral Av. Circunvalación 1100 este, J5400 San Juan, Argentina",5,42,https://www.google.com/maps/search/?api=1&query=Herrer%C3%ADa%20Hefesto&query_place_id=ChIJrbyN0wVrgZYRTfzQYdWV_k0
CLINICA SAN PATRICIO,Clínica ambulatoria,+54 264 420-4409,https://wa.me/5492644204409,No tiene sitio web (Oportunidad Máxima),,J5400EMB,"Av. Rioja Nte. 137, J5400EMB J5400EMB, San Juan, Argentina",3.2,39,https://www.google.com/maps/search/?api=1&query=CLINICA%20SAN%20PATRICIO&query_place_id=ChIJpx7Hpy1rgZYRAJnHLlchv-o
Tu Service LUBRICENTRO,Taller de reparación de automóviles,+54 264 531-1745,https://wa.me/5492645311745,No tiene sitio web (Oportunidad Máxima),,Rivadavia,"Cmte. Cabot Oeste 2538 oeste, J5423 Rivadavia, San Juan, Argentina",4.8,39,https://www.google.com/maps/search/?api=1&query=Tu%20Service%20LUBRICENTRO&query_place_id=ChIJK5j25kFAgZYRWuZTSK_9meY
Charme Eventos,Sala de banquetes,+54 264 514-6177,https://wa.me/5492645146177,No tiene sitio web (Oportunidad Máxima),,DSR,"Av. España Sur 1704, J5402 DSR, San Juan, Argentina",4.2,36,https://www.google.com/maps/search/?api=1&query=Charme%20Eventos&query_place_id=ChIJBxPBJu1BgZYRtWJaFDXVwl4
"Schvartz, Hugo Dermatólogos",Dermatólogo,+54 264 421-2838,https://wa.me/5492644212838,No tiene sitio web (Oportunidad Máxima),,CAPITAL,"Lápida 324 E 1° piso, J5400 CAPITAL, San Juan, Argentina",4,36,https://www.google.com/maps/search/?api=1&query=Schvartz%2C%20Hugo%20Dermat%C3%B3logos&query_place_id=ChIJjajJA4NqgZYRdkDErm-9WGk
Maza&Marquez Asesores de Seguros,Agencia de seguros,+54 264 403-5226,https://wa.me/5492644035226,No tiene sitio web (Oportunidad Máxima),,este,"Mitre Este 621, J5402CWM este, San Juan, Argentina",5,34,https://www.google.com/maps/search/?api=1&query=Maza%26Marquez%20Asesores%20de%20Seguros&query_place_id=ChIJ8zypUpJrgZYRMX0vwrQFb2o
Riveros Ernesto Riveros Guillermo F,Médico,+54 264 421-0227,https://wa.me/5492644210227,No tiene sitio web (Oportunidad Máxima),,San Juan,"Tucumán Sur 11, J5402EIA San Juan, Argentina",3.5,34,https://www.google.com/maps/search/?api=1&query=Riveros%20Ernesto%20Riveros%20Guillermo%20F&query_place_id=ChIJbdIOaYJqgZYRdwlBsMNSW_s
Centro Médico de Especialidades - Rawson,Centro de diagnóstico por imagen,+54 264 428-5593,https://wa.me/5492644285593,No tiene sitio web (Oportunidad Máxima),,Villa Krause,"Blvd. Sarmiento Oeste 179, J5425 Villa Krause, San Juan, Argentina",3.1,33,https://www.google.com/maps/search/?api=1&query=Centro%20M%C3%A9dico%20de%20Especialidades%20-%20Rawson&query_place_id=ChIJHftw4-8_gZYR5Atf2qodXKA
Cp,Agencia inmobiliaria,+54 264 421-5921,https://wa.me/5492644215921,No tiene sitio web (Oportunidad Máxima),,EFH,"Mendoza Nte. 378, J5400 EFH, San Juan, Argentina",3.3,32,https://www.google.com/maps/search/?api=1&query=Cp&query_place_id=ChIJNW3GWidAgZYRd5Qd7HuJqAk
La Cascada Restobar,Restaurante,+54 264 529-3467,https://wa.me/5492645293467,No tiene sitio web (Oportunidad Máxima),,Astica,"RP510, Astica, San Juan, Argentina",4.2,31,https://www.google.com/maps/search/?api=1&query=La%20Cascada%20Restobar&query_place_id=ChIJd67CShX_KZQRZ0heoUZ8J60
Clínica del Prado,Hospital,+54 264 420-0962,https://wa.me/5492644200962,No tiene sitio web (Oportunidad Máxima),,San Juan,"Tucumán Sur 468, J5400 San Juan, Argentina",4.6,30,https://www.google.com/maps/search/?api=1&query=Cl%C3%ADnica%20del%20Prado&query_place_id=ChIJue10Dp1qgZYRMzycaLXB_9k
Gruas Polito,Servicio de grúa,+54 264 503-8265,https://wa.me/5492645038265,No tiene sitio web (Oportunidad Máxima),,San Juan,"5400, San Juan, Argentina",4.2,29,https://www.google.com/maps/search/?api=1&query=Gruas%20Polito&query_place_id=ChIJN1ho8VNBgZYRHDnjLiDuQIw
Lic. María Silene González,Psicólogo,+54 264 504-6045,https://wa.me/5492645046045,No tiene sitio web (Oportunidad Máxima),,San Juan,"25 de Mayo 1134, J5400 San Juan, Argentina",5,28,https://www.google.com/maps/search/?api=1&query=Lic.%20Mar%C3%ADa%20Silene%20Gonz%C3%A1lez&query_place_id=ChIJMQEDSXRrgZYRU6kPSfI1ZRM
Clinica de Neurocirugia Dr Cocco,Neurocirujano,+54 264 422-2030,https://wa.me/5492644222030,No tiene sitio web (Oportunidad Máxima),,San Juan,"Francisco N. Laprida Oeste 494, J5400 San Juan, Argentina",3.2,28,https://www.google.com/maps/search/?api=1&query=Clinica%20de%20Neurocirugia%20Dr%20Cocco&query_place_id=ChIJ5XFJ9y5AgZYRIeQaplbaWMA
Beparty Salón de Eventos,Salón para eventos,+54 264 439-5969,https://wa.me/5492644395969,No tiene sitio web (Oportunidad Máxima),,San Juan,"Lateral Oeste de Avenida Circunvalación 163 sur, J5400 San Juan, Argentina",4.7,27,https://www.google.com/maps/search/?api=1&query=Beparty%20Sal%C3%B3n%20de%20Eventos&query_place_id=ChIJgfSxBABBgZYRsKhYj5DG3K8
Gruas//Auxilios y traslados JT,Servicio de alquiler de remolques,+54 264 506-6077,https://wa.me/5492645066077,No tiene sitio web (Oportunidad Máxima),,Villa Krause,"Urquiza Sur 575, J5425 Villa Krause, San Juan, Argentina",4.8,26,https://www.google.com/maps/search/?api=1&query=Gruas%2F%2FAuxilios%20y%20traslados%20JT&query_place_id=ChIJ8ZfdxjhBgZYRrdmwVy5947I
Josfer SRL Alquiler de 4 X 4,Agencia de alquiler de coches,+54 264 421-0800,https://wa.me/5492644210800,No tiene sitio web (Oportunidad Máxima),,San Juan,"Juan Jufré Este 43, J5400BNA San Juan, Argentina",4.1,24,https://www.google.com/maps/search/?api=1&query=Josfer%20SRL%20Alquiler%20de%204%20X%204&query_place_id=ChIJncxVxdVBgZYRPVMSNcnDvtE
Clinica Valencia,Centro de salud y bienestar,+54 264 563-0084,https://wa.me/5492645630084,No tiene sitio web (Oportunidad Máxima),,Rivadavia,"Av. Libertador Gral. San Martín 4131, J5400 Rivadavia, San Juan, Argentina",4.2,22,https://www.google.com/maps/search/?api=1&query=Clinica%20Valencia&query_place_id=ChIJTQ8O4UpBgZYRnFOEOUqWD1s
ESCRIBANÍA LLOVERAS,Notaría,+54 264 421-7250,https://wa.me/5492644217250,No tiene sitio web (Oportunidad Máxima),,GSB,"Catamarca Sur 18, J5402 GSB, San Juan, Argentina",5,21,https://www.google.com/maps/search/?api=1&query=ESCRIBAN%C3%8DA%20LLOVERAS&query_place_id=ChIJ5_P4SilAgZYRKX4_UqqzVVs
Casa fernandez servicio para fiesta,Empresa de organización de eventos,+54 264 417-7571,https://wa.me/5492644177571,No tiene sitio web (Oportunidad Máxima),,San Juan,"Matías Zavalla Nte. 285 norte, J5400 San Juan, Argentina",4.8,19,https://www.google.com/maps/search/?api=1&query=Casa%20fernandez%20servicio%20para%20fiesta&query_place_id=ChIJCSaNQ7VBgZYRcw8tiKJ6Hxk
Clínica Güemes medicina integral,Clínica especializada,+54 264 482-2705,https://wa.me/5492644822705,No tiene sitio web (Oportunidad Máxima),,Villa Krause,"República del Líbano Oeste 3186 oeste Rawson, J5425 Villa Krause, San Juan, Argentina",4.7,18,https://www.google.com/maps/search/?api=1&query=Cl%C3%ADnica%20G%C3%BCemes%20medicina%20integral&query_place_id=ChIJTYPz8GVBgZYRFgpcAUPGIVs
BIOMASA Centro de Diagnóstico Nutricional,,+54 264 548-8235,https://wa.me/5492645488235,No tiene sitio web (Oportunidad Máxima),,San Juan,"Catamarca Sur 436, J5402 San Juan, Argentina",5,16,https://www.google.com/maps/search/?api=1&query=BIOMASA%20Centro%20de%20Diagn%C3%B3stico%20Nutricional&query_place_id=ChIJ8wSF2ytrgZYRvFnvZ48KnFI
AGRIMENSERV,Agrimensor,+54 264 452-2949,https://wa.me/5492644522949,No tiene sitio web (Oportunidad Máxima),,San Juan,"5400, 9 de Julio Este 376, J5402AMH San Juan, Argentina",4.7,16,https://www.google.com/maps/search/?api=1&query=AGRIMENSERV&query_place_id=ChIJ7cG3lC9AgZYRcvP1GwCb5dA
"Sangucheria ""Jarana""",Restaurante argentino,+54 264 411-0311,https://wa.me/5492644110311,No tiene sitio web (Oportunidad Máxima),,San Juan,"Hipólito Yrigoyen, J5400 San Juan, Argentina",4.8,16,https://www.google.com/maps/search/?api=1&query=Sangucheria%20%22Jarana%22&query_place_id=ChIJi4Xw4ndBgZYRgbfo6lOg9oY
Salón de eventos San Nicolás,Lounge,+54 264 453-9026,https://wa.me/5492644539026,No tiene sitio web (Oportunidad Máxima),,San Juan,"Cjón. Calvo, J5419, San Juan, Argentina",4.9,16,https://www.google.com/maps/search/?api=1&query=Sal%C3%B3n%20de%20eventos%20San%20Nicol%C3%A1s&query_place_id=ChIJ8yYAudhpgZYR5J3cSDukfLs
Livio Gonzalez,Taller mecánico,+54 11 6806-6218,https://wa.me/5491168066218,No tiene sitio web (Oportunidad Máxima),,Barreal,"Los Cerezos, J5405 Barreal, San Juan, Argentina",5,16,https://www.google.com/maps/search/?api=1&query=Livio%20Gonzalez&query_place_id=ChIJr4g2fZaNhpYR_Zse7Ox-GxM
Car Café Resto-Bar,Pub restaurante,+54 264 511-3051,https://wa.me/5492645113051,No tiene sitio web (Oportunidad Máxima),,Villa San Agustín,"RP510, Villa San Agustín, San Juan, Argentina",4.6,15,https://www.google.com/maps/search/?api=1&query=Car%20Caf%C3%A9%20Resto-Bar&query_place_id=ChIJmUFC9xp1gpYRNXS0UFz3Ek0
Clinica Dr Gomez Soler,Médico,+54 264 424-0198,https://wa.me/5492644240198,No tiene sitio web (Oportunidad Máxima),,Villa Krause,"Blvd. Sarmiento Oeste 139, J5425 Villa Krause, San Juan, Argentina",3.9,15,https://www.google.com/maps/search/?api=1&query=Clinica%20Dr%20Gomez%20Soler&query_place_id=ChIJ03pu-e8_gZYROieIQkAYPmw
Mauricio H. Cruz -- ARQUITECTO --,Arquitecto,+54 264 477-0342,https://wa.me/5492644770342,No tiene sitio web (Oportunidad Máxima),,Capital,"Domingo F. Sarmiento, 443 (n), J5400 Capital, San Juan, Argentina",4.9,14,https://www.google.com/maps/search/?api=1&query=Mauricio%20H.%20Cruz%20--%20ARQUITECTO%20--&query_place_id=ChIJbzoHRitAgZYRxnp1TZvY6O8
La monumental,Restaurante de comida rápida,+54 383 499-3893,https://wa.me/5493834993893,No tiene sitio web (Oportunidad Máxima),,Villa San Agustín,"Rivadavia, Sarmiento &, Villa San Agustín, San Juan, Argentina",4.4,13,https://www.google.com/maps/search/?api=1&query=La%20monumental&query_place_id=ChIJnRYvFgB1gpYR2ulhZt2hqM8
Dermatologia Clinica Y Quiruegica Ferrero Emiliano,Dermatólogo,+54 4216515,https://wa.me/544216515,No tiene sitio web (Oportunidad Máxima),,J5402EEN,"Entre Ríos Sur 685, J5402EEM J5402EEN, San Juan, Argentina",3.4,13,https://www.google.com/maps/search/?api=1&query=Dermatologia%20Clinica%20Y%20Quiruegica%20Ferrero%20Emiliano&query_place_id=ChIJwdEUFidAgZYRSPBpcS08CbU
Eleonora Serrichio Psicóloga.,Psicólogo,+54 9 264 404-5522,https://wa.me/5492644045522,No tiene sitio web (Oportunidad Máxima),,San Juan,"Av. José Ignacio de la Roza Oeste 2100, J5400 San Juan, Argentina",4.6,12,https://www.google.com/maps/search/?api=1&query=Eleonora%20Serrichio%20Psic%C3%B3loga.&query_place_id=ChIJy2-vbSlBgZYRppzVC9NjYgU
Lo del Negro Comidas caseras,Restaurante,+54 264 620-1118,https://wa.me/5492646201118,No tiene sitio web (Oportunidad Máxima),,este,"Inojosa 400, J5419 este, San Juan, Argentina",4.9,11,https://www.google.com/maps/search/?api=1&query=Lo%20del%20Negro%20Comidas%20caseras&query_place_id=ChIJmcdUpe9pgZYRg_fgqPbuhBM
La Yaya Food,Restaurante,+54 264 623-9235,https://wa.me/5492646239235,No tiene sitio web (Oportunidad Máxima),,Santa Lucía,"Aristóbulo del Valle 835, J5411 Santa Lucía, San Juan, Argentina",4.7,11,https://www.google.com/maps/search/?api=1&query=La%20Yaya%20Food&query_place_id=ChIJFf_UonVrgZYRei2rZ5Q3les
Sinergia Corporal,Kinesiólogo,+54 264 323-0739,https://wa.me/5492643230739,No tiene sitio web (Oportunidad Máxima),,San Juan,"Juana Manso Oeste 2671 oeste, J5400 San Juan, Argentina",5,11,https://www.google.com/maps/search/?api=1&query=Sinergia%20Corporal&query_place_id=ChIJi9UTyB5BgZYRhplJdh-bqL4
Restaurante Marty,Restaurante,+54 264 514-4666,https://wa.me/5492645144666,No tiene sitio web (Oportunidad Máxima),,San Juan,"Ruta Nacional 20, Julio A. Roca Sur &, J5411 San Juan, Argentina",4.7,10,https://www.google.com/maps/search/?api=1&query=Restaurante%20Marty&query_place_id=ChIJ32uoTwBrgZYRM-M5vjyr2d8
Fundación CenCor,Formación en emergencias,+54 264 422-6620,https://wa.me/5492644226620,No tiene sitio web (Oportunidad Máxima),,J5400AGH,"25 de Mayo Este 336, J5400AGH J5400AGH, San Juan, Argentina",3.3,10,https://www.google.com/maps/search/?api=1&query=Fundaci%C3%B3n%20CenCor&query_place_id=ChIJQ0RtBSdAgZYRjIJ8qv2p2Hg
Avanza Coaching y Consultoría,Consultoría de recursos humanos,+54 264 456-4272,https://wa.me/5492644564272,No tiene sitio web (Oportunidad Máxima),,San Juan,"Justo José de Urquiza 62 Planta alta, J5400AMH San Juan, Argentina",4.8,9,https://www.google.com/maps/search/?api=1&query=Avanza%20Coaching%20y%20Consultor%C3%ADa&query_place_id=ChIJdR59XVdrgZYR8Pao0DpFsMM
JM PROYECTISTAS S.A.S.,Empresa constructora,+54 264 473-0350,https://wa.me/5492644730350,No tiene sitio web (Oportunidad Máxima),,San Juan,"PATIO SAN IGNACIO-LOCAL 8-Ig. de la Roza, Hermogenes Ruiz 2.300 y, J5400, San Juan, Argentina",4.6,9,https://www.google.com/maps/search/?api=1&query=JM%20PROYECTISTAS%20S.A.S.&query_place_id=ChIJs0fWLwJBgZYRD4GrZV-z5hU
"CIS, Centro Interdisciplinario de Salud",Clínica ambulatoria,+54 264 427-8375,https://wa.me/5492644278375,No tiene sitio web (Oportunidad Máxima),,ERD,"Caseros Sur 160, J5402 ERD, San Juan, Argentina",3.9,9,https://www.google.com/maps/search/?api=1&query=CIS%2C%20Centro%20Interdisciplinario%20de%20Salud&query_place_id=ChIJV7QnvIRqgZYRp0uYT_CZmf8
Psicólogo Facundo Lloveras | CAUSA. Abordaje en Adicciones,Servicio de salud mental,+54 264 474-2364,https://wa.me/5492644742364,No tiene sitio web (Oportunidad Máxima),,San Juan,"A, Av. José Ignacio de la Roza Este 430, J5400 San Juan, Argentina",5,9,https://www.google.com/maps/search/?api=1&query=Psic%C3%B3logo%20Facundo%20Lloveras%20%7C%20CAUSA.%20Abordaje%20en%20Adicciones&query_place_id=ChIJFapk3uTpvQ8Rw3GZ9oyE6VY
Alem Rehabilitacion,Kinesiólogo,+54 264 567-7582,https://wa.me/5492645677582,No tiene sitio web (Oportunidad Máxima),,J5400DUO,"Avenida Leandro N. Alem Norte 154, J5400DUO J5400DUO, San Juan, Argentina",4.6,9,https://www.google.com/maps/search/?api=1&query=Alem%20Rehabilitacion&query_place_id=ChIJU9jD3i5AgZYRAIzmQ4FKykw
Instituto Fisiokinésico y Estética San Juan Fabiana A. Koss,Fisioterapeuta,+54 264 459-7618,https://wa.me/5492644597618,No tiene sitio web (Oportunidad Máxima),,San Juan,"Andrade Sur 427, J5400 San Juan, Argentina",5,9,https://www.google.com/maps/search/?api=1&query=Instituto%20Fisiokin%C3%A9sico%20y%20Est%C3%A9tica%20San%20Juan%20Fabiana%20A.%20Koss&query_place_id=ChIJMwGvqShAgZYRWGeiLYMu-og
De Raíz Almacén Natural Medicinal,Herbolario,+54 264 458-3010,https://wa.me/5492644583010,No tiene sitio web (Oportunidad Máxima),,San Juan,"9 de julio 402, Av. Leandro N. Alem Sur esquina oeste, J5402DCH, San Juan, Argentina",5,8,https://www.google.com/maps/search/?api=1&query=De%20Ra%C3%ADz%20Almac%C3%A9n%20Natural%20Medicinal&query_place_id=ChIJ460r6ilBgZYRQ9HhJmhBNrU
Chancay E. Franco,Fisioterapeuta,+54 264 421-1228,https://wa.me/5492644211228,No tiene sitio web (Oportunidad Máxima),,San Juan,"Falucho Oeste 1574, J5400 San Juan, Argentina",5,8,https://www.google.com/maps/search/?api=1&query=Chancay%20E.%20Franco&query_place_id=ChIJx6UT3DJAgZYRjj1lVGqAhFg
Dra. De Philippis Yanina,Dermatólogo,+54 9 264 529-4426,https://wa.me/5492645294426,No tiene sitio web (Oportunidad Máxima),,EIG,"J5400EIH, Gral. Mariano Acha Nte. 339, J5400 EIG, San Juan, Argentina",4.8,8,https://www.google.com/maps/search/?api=1&query=Dra.%20De%20Philippis%20Yanina&query_place_id=ChIJq9_VhipAgZYRQ3O1qARw-Bc
Albizu Jose Angel - Medico,Médico,+54 264 423-1642,https://wa.me/5492644231642,No tiene sitio web (Oportunidad Máxima),,Rivadavia,"Sargento Cabral Oeste 1677, J5400 Rivadavia, San Juan, Argentina",4.1,7,https://www.google.com/maps/search/?api=1&query=Albizu%20Jose%20Angel%20-%20Medico&query_place_id=ChIJGwmXZW1BgZYRblaUv7QGorg
Clínica Dr. Oyola,Centro médico,+54 264 423-2588,https://wa.me/5492644232588,No tiene sitio web (Oportunidad Máxima),,Chimbas,"J5413 Chimbas, San Juan, Argentina",5,7,https://www.google.com/maps/search/?api=1&query=Cl%C3%ADnica%20Dr.%20Oyola&query_place_id=ChIJlda0YS9BgZYRrjy45CzOzm8
Clínica NQ,Cirujano,+54 264 481-8354,https://wa.me/5492644818354,No tiene sitio web (Oportunidad Máxima),,J5402GNC,"Urquiza Sur 153, J5402GNC J5402GNC, San Juan, Argentina",4.4,7,https://www.google.com/maps/search/?api=1&query=Cl%C3%ADnica%20NQ&query_place_id=ChIJUSMYiytAgZYRIu2Ivot9mX0
Bazan Flitt Federico Saul Ginecologo,Médico,+54 264 563-3551,https://wa.me/5492645633551,No tiene sitio web (Oportunidad Máxima),,San Juan,"Clinica Mater Dei: general paz 24 este FRENTE A CLINICA STA CLARA, J5402AHB, San Juan, Argentina",4.4,7,https://www.google.com/maps/search/?api=1&query=Bazan%20Flitt%20Federico%20Saul%20Ginecologo&query_place_id=ChIJyRTy0wVBgZYRcNGvCJ6KnpM
Laboratorio Clínica Modelo,Centro médico,+54 264 422-5363,https://wa.me/5492644225363,No tiene sitio web (Oportunidad Máxima),,San Juan,"Pedro Echagüe Oeste 205 oeste, J5400 San Juan, Argentina",4.2,6,https://www.google.com/maps/search/?api=1&query=Laboratorio%20Cl%C3%ADnica%20Modelo&query_place_id=ChIJqeBPpW5BgZYR4EiMRu2jhJw
Kinesiologia y Fisioterapia- Lic. Eugenia Gerbec,Centro de rehabilitación,+54 264 513-3594,https://wa.me/5492645133594,No tiene sitio web (Oportunidad Máxima),,BND,"Juan Jufré Este 106, J5400 BND, San Juan, Argentina",5,6,https://www.google.com/maps/search/?api=1&query=Kinesiologia%20y%20Fisioterapia-%20Lic.%20Eugenia%20Gerbec&query_place_id=ChIJJw0f79VBgZYRTH5IwXMiinU
Sumaq Salon de Eventos,Salón para eventos,+54 264 586-1304,https://wa.me/5492645861304,No tiene sitio web (Oportunidad Máxima),,San Juan,"Mendoza Sur entre 7 y 8, J5427, San Juan, Argentina",3.6,5,https://www.google.com/maps/search/?api=1&query=Sumaq%20Salon%20de%20Eventos&query_place_id=ChIJXWw7oXU_gZYRY3LNjyeoYIo
Centro Médico Boulevard,Centro médico,+54 264 623-3037,https://wa.me/5492646233037,No tiene sitio web (Oportunidad Máxima),,Villa Krause,"Blvd. Sarmiento Oeste 338, J5400 Villa Krause, San Juan, Argentina",4.4,5,https://www.google.com/maps/search/?api=1&query=Centro%20M%C3%A9dico%20Boulevard&query_place_id=ChIJR9MwLfA_gZYRGaAgtAuHxZQ
Clínica José Dolores,Grupo médico,+54 264 428-3747,https://wa.me/5492644283747,No tiene sitio web (Oportunidad Máxima),,San Juan,"José Dolores 969 este, J5425 San Juan, Argentina",4.8,5,https://www.google.com/maps/search/?api=1&query=Cl%C3%ADnica%20Jos%C3%A9%20Dolores&query_place_id=ChIJuYTqPVUVgZYRu2sZElDSsCI
KROAP Café Restó Bar,Restaurante,+54 264 436-4033,https://wa.me/5492644364033,No tiene sitio web (Oportunidad Máxima),,Caucete,"Bernardino Rivadavia, J5442 Caucete, San Juan, Argentina",5,4,https://www.google.com/maps/search/?api=1&query=KROAP%20Caf%C3%A9%20Rest%C3%B3%20Bar&query_place_id=ChIJeRpRk0sPgZYRMDQkc1F7nxI
Lic Maria Laura Sosa,Psicólogo,+54 264 508-1490,https://wa.me/5492645081490,No tiene sitio web (Oportunidad Máxima),,San Juan,"Mendoza Sur 666 sur, J5400 San Juan, Argentina",4.8,4,https://www.google.com/maps/search/?api=1&query=Lic%20Maria%20Laura%20Sosa&query_place_id=ChIJ2bKAhbZBgZYR66bIU4JNnmg
SER - CONSULTORIOS -,Psicólogo,+54 264 433-0366,https://wa.me/5492644330366,No tiene sitio web (Oportunidad Máxima),,San Juan,"Av. Libertador Gral. San Martín 5095 Oeste, J5400 San Juan, Argentina",3.8,4,https://www.google.com/maps/search/?api=1&query=SER%20-%20CONSULTORIOS%20-&query_place_id=ChIJ2V--mhlBgZYR1KXCt0034PM
America alquiler 4x4,Agencia de alquiler de coches,+54 9 264 447-2305,https://wa.me/5492644472305,No tiene sitio web (Oportunidad Máxima),,San Juan,"Av. Guillermo Rawson Norte 840 norte, J5400 San Juan, Argentina",5,4,https://www.google.com/maps/search/?api=1&query=America%20alquiler%204x4&query_place_id=ChIJxS5x0udrgZYRl80aL0v75-E
Alquiler de autos antiguos y juegos de living,Servicio de planificación de reuniones,+54 264 566-2060,https://wa.me/5492645662060,No tiene sitio web (Oportunidad Máxima),,San Juan,"5400, San Juan, Argentina",3.5,4,https://www.google.com/maps/search/?api=1&query=Alquiler%20de%20autos%20antiguos%20y%20juegos%20de%20living&query_place_id=ChIJ9ZesZlhrgZYRvBdsa6nIKjI
Dr. Manuel G. Brandt,Médico,+54 264 421-0860,https://wa.me/5492644210860,No tiene sitio web (Oportunidad Máxima),,San Juan,"25 de Mayo E 691, San Juan, Argentina",4.3,4,https://www.google.com/maps/search/?api=1&query=Dr.%20Manuel%20G.%20Brandt&query_place_id=ChIJlZ4N94ZqgZYRzV9X1TU8zSs
Vigano Javier Roald Psicólogo,Psicólogo,+54 264 427-5767,https://wa.me/5492644275767,No tiene sitio web (Oportunidad Máxima),,San Juan,"Santiago del Estero Sur 574, J5402 San Juan, Argentina",5,3,https://www.google.com/maps/search/?api=1&query=Vigano%20Javier%20Roald%20Psic%C3%B3logo&query_place_id=ChIJr9AgsiVAgZYR9F46C6ldlEc
Belleza De Manos Y Pies,Salón de manicura y pedicura,+54 264 450-5230,https://wa.me/5492644505230,No tiene sitio web (Oportunidad Máxima),,Zonda,"Barrio serranias casa 2 mzn D, J5401 Zonda, San Juan, Argentina",4.3,3,https://www.google.com/maps/search/?api=1&query=Belleza%20De%20Manos%20Y%20Pies&query_place_id=ChIJg3yCQD9JgZYRiZiFjZNT90g
Gonzalo Campos,Dermatólogo,+54 264 662-4216,https://wa.me/5492646624216,No tiene sitio web (Oportunidad Máxima),,San Juan,"Mendoza Sur 31, J5402GUA San Juan, Argentina",1,3,https://www.google.com/maps/search/?api=1&query=Gonzalo%20Campos&query_place_id=ChIJNXrmxylAgZYRhHcYu8Yg0OM
Gp Tecnologia Mecanica Gustavo Portillo,Taller de reparación de automóviles,+54 264 439-3244,https://wa.me/5492644393244,No tiene sitio web (Oportunidad Máxima),,Chimbas,"Tucumán Norte 412, J5413 Chimbas, San Juan, Argentina",5,3,https://www.google.com/maps/search/?api=1&query=Gp%20Tecnologia%20Mecanica%20Gustavo%20Portillo&query_place_id=ChIJubVzISpAgZYR_BlrThWfSZk
"NUTRICIONISTA - LANDA, Tatiana",Nutricionista,+54 9 264 465-0880,https://wa.me/5492644650880,No tiene sitio web (Oportunidad Máxima),,Santa Lucía,"Av. Libertador General San Martin 4427 (Este Av. Córdoba 523 (Este, J5411 Santa Lucía, San Juan, Argentina",5,2,https://www.google.com/maps/search/?api=1&query=NUTRICIONISTA%20-%20LANDA%2C%20Tatiana&query_place_id=ChIJxQhHUW5rgZYRpwdlZ42sY6w
Afilado profesional y servicio técnico de artefactos eléctricos de peluquería.Face.,Servicio de afilado,+54 264 403-1610,https://wa.me/5492644031610,No tiene sitio web (Oportunidad Máxima),,San Juan,"General Acha 30 sur. Galería Laprida primer AR, 5400 San Juan, Argentina",5,2,https://www.google.com/maps/search/?api=1&query=Afilado%20profesional%20y%20servicio%20t%C3%A9cnico%20de%20artefactos%20el%C3%A9ctricos%20de%20peluquer%C3%ADa.Face.&query_place_id=ChIJm21SUF9rgZYRBpe03abRAQ8
Psicóloga Erika Varela (San Juan Argentina),Psicólogo,+54 264 412-9466,https://wa.me/5492644129466,No tiene sitio web (Oportunidad Máxima),,San Juan,"Francisco N. Laprida Oeste 1720 oeste, J5400 San Juan, Argentina",5,2,https://www.google.com/maps/search/?api=1&query=Psic%C3%B3loga%20Erika%20Varela%20(San%20Juan%20Argentina)&query_place_id=ChIJabY0wNxBgZYRboEP-CzIsAs
Psicología Activa,Psicólogo,+54 264 439-1190,https://wa.me/5492644391190,No tiene sitio web (Oportunidad Máxima),,San Juan,"Av. Libertador Gral. San Martín 3332 Oeste, J5400 San Juan, Argentina",5,2,https://www.google.com/maps/search/?api=1&query=Psicolog%C3%ADa%20Activa&query_place_id=ChIJSUrofxNBgZYRxfjrzdBxhUk
Licenciado en psicología Pablo Sillero,Psicólogo,+54 264 509-8024,https://wa.me/5492645098024,No tiene sitio web (Oportunidad Máxima),,San Juan,"B. Mitre 131, J5400 San Juan, Argentina",5,2,https://www.google.com/maps/search/?api=1&query=Licenciado%20en%20psicolog%C3%ADa%20Pablo%20Sillero&query_place_id=ChIJKe6PdaBrgZYRBDRyqt9hrD0
Psicóloga Laboral Marcela Matellán,Psicólogo,+54 264 456-4272,https://wa.me/5492644564272,No tiene sitio web (Oportunidad Máxima),,San Juan,"Frente a flagrancia, Maipú Este 455 este primer piso, J5400 San Juan, Argentina",5,2,https://www.google.com/maps/search/?api=1&query=Psic%C3%B3loga%20Laboral%20Marcela%20Matell%C3%A1n&query_place_id=ChIJcbePi_xBgZYRwu7hEGw7Riw
K-lle lagua salon de eventos,Salón para eventos,+54 264 469-5690,https://wa.me/5492644695690,No tiene sitio web (Oportunidad Máxima),,Rivadavia,"República del Líbano Oeste, J5400 Rivadavia, San Juan, Argentina",4,2,https://www.google.com/maps/search/?api=1&query=K-lle%20lagua%20salon%20de%20eventos&query_place_id=ChIJTyJrOw1BgZYRfuQ_NI3RkJI
Pablotoselli S.a,Agencia de alquiler de coches,+54 9 264 452-6299,https://wa.me/5492644526299,No tiene sitio web (Oportunidad Máxima),,San Juan,"Cmte. Cabot Oeste, J5400 San Juan, Argentina",4,2,https://www.google.com/maps/search/?api=1&query=Pablotoselli%20S.a&query_place_id=ChIJd-QKLNxBgZYRUGoP-cYJRBs
C & Ap Servicios y Logística Minera 4X4,Agencia de alquiler de coches,+54 264 426-5249,https://wa.me/5492644265249,No tiene sitio web (Oportunidad Máxima),,DVG,"Santiago del Estero Sur 315, J5402 DVG, San Juan, Argentina",4.5,2,https://www.google.com/maps/search/?api=1&query=C%20%26%20Ap%20Servicios%20y%20Log%C3%ADstica%20Minera%204X4&query_place_id=ChIJc-AecS9AgZYRrKg8EA7XrRI
KineSalud Capital,Centro de salud y bienestar,+54 264 587-2911,https://wa.me/5492645872911,No tiene sitio web (Oportunidad Máxima),,San Juan,"Av. José Ignacio de la Roza Oeste 5100, J5400 San Juan, Argentina",3,2,https://www.google.com/maps/search/?api=1&query=KineSalud%20Capital&query_place_id=ChIJwWLwxwlBgZYRdiw39VifO4M
CONAR,Centro de rehabilitación,+54 264 400-1599,https://wa.me/5492644001599,No tiene sitio web (Oportunidad Máxima),,General Paz,"Av. Rioja 654 sur Av. Rioja (entre, 9 de Julio Oeste y, J5400 General Paz, San Juan, Argentina",5,2,https://www.google.com/maps/search/?api=1&query=CONAR&query_place_id=ChIJhWJh6ldrgZYR9jb3_XupCZw
Flebología Dr. Federico Mattar Spengler,Médico,+54 264 515-0363,https://wa.me/5492645150363,No tiene sitio web (Oportunidad Máxima),,San Juan,"Catamarca Sur 358, J5400 San Juan, Argentina",5,2,https://www.google.com/maps/search/?api=1&query=Flebolog%C3%ADa%20Dr.%20Federico%20Mattar%20Spengler&query_place_id=ChIJ61gDKnhBgZYR0-oerEluLHQ
DRA MARIA D ACIAR RIVERA,Médico,+54 264 423-8626,https://wa.me/5492644238626,No tiene sitio web (Oportunidad Máxima),,Rivadavia,"Victoria 1875, J5400 Rivadavia, San Juan, Argentina",2,2,https://www.google.com/maps/search/?api=1&query=DRA%20MARIA%20D%20ACIAR%20RIVERA&query_place_id=ChIJneBJk09AgZYRiD-bHVSuJXM
Clínica José Gómez Soler,Clínica ambulatoria,+54 264 424-0198,https://wa.me/5492644240198,No tiene sitio web (Oportunidad Máxima),,Villa Krause,"Blvd. Sarmiento Oeste 139, J5425 Villa Krause, San Juan, Argentina",5,2,https://www.google.com/maps/search/?api=1&query=Cl%C3%ADnica%20Jos%C3%A9%20G%C3%B3mez%20Soler&query_place_id=ChIJD40Ep5c_gZYRQszum-nxLS8
Servicio de Lunch Claric,Servicio de alquiler de mobiliario,+54 264 411-9960,https://wa.me/5492644119960,No tiene sitio web (Oportunidad Máxima),,Rivadavia,"Calle Fray Justo Sta María de Oro Norte, J5400 Rivadavia, San Juan, Argentina",3,2,https://www.google.com/maps/search/?api=1&query=Servicio%20de%20Lunch%20Claric&query_place_id=ChIJZ09I4KxBgZYRfaGhRN3DKe0
Consultorio del Valle,Clínica dental,+54 264 453-9463,https://wa.me/5492644539463,No tiene sitio web (Oportunidad Máxima),,Rawson,"Lucio Mansilla 326 Oeste, J5425 Rawson, San Juan, Argentina",5,2,https://www.google.com/maps/search/?api=1&query=Consultorio%20del%20Valle&query_place_id=ChIJ-3Ds1fk_gZYRQkvrzLjB1A0
Jana Mip (Manejo Integral De Plagas ) Fumigaciones.,Oficina de la Administración,+54 264 671-0601,https://wa.me/5492646710601,No tiene sitio web (Oportunidad Máxima),,Chimbas,"El Domador Nte., J5413 Chimbas, San Juan, Argentina",5,2,https://www.google.com/maps/search/?api=1&query=Jana%20Mip%20(Manejo%20Integral%20De%20Plagas%20)%20Fumigaciones.&query_place_id=ChIJNZQcaF1BgZYRLQM-KbARXnA
Open door-foodtruck,Puesto de venta ambulante de comida,+54 264 465-1145,https://wa.me/5492644651145,No tiene sitio web (Oportunidad Máxima),,Villa San Agustín,"General Acha, Rivadavia &, Villa San Agustín, San Juan, Argentina",5,1,https://www.google.com/maps/search/?api=1&query=Open%20door-foodtruck&query_place_id=ChIJyyTnZAB1gpYRBOKCQW0Ab3o
Carola Fernandez Lic. en Psicología,Psicólogo,+54 264 548-8813,https://wa.me/5492645488813,No tiene sitio web (Oportunidad Máxima),,San Juan,"9 de Julio 2232 oeste 5400, San Juan, Argentina",4,1,https://www.google.com/maps/search/?api=1&query=Carola%20Fernandez%20Lic.%20en%20Psicolog%C3%ADa&query_place_id=ChIJ-bJ6i2BBgZYRhhbOFSndgvk
Lic Maria Isabel Ortis,Psicólogo,+54 264 444-3571,https://wa.me/5492644443571,No tiene sitio web (Oportunidad Máxima),,San Juan,"Pje. Gral. Acha, J5400 San Juan, Argentina",4,1,https://www.google.com/maps/search/?api=1&query=Lic%20Maria%20Isabel%20Ortis&query_place_id=ChIJzetEHoNqgZYR9tGCkF2DeQ0
Lic. en psicología Juan Manuel Pérez Diaz,Servicio de salud mental,+54 264 414-2566,https://wa.me/5492644142566,No tiene sitio web (Oportunidad Máxima),,San Juan,"Gral. Acha 1081 sur, J5400 San Juan, Argentina",4,1,https://www.google.com/maps/search/?api=1&query=Lic.%20en%20psicolog%C3%ADa%20Juan%20Manuel%20P%C3%A9rez%20Diaz&query_place_id=ChIJEfPKWN1rgZYR2P6oBKNtkig
Tejada Maria Veronica,Psicólogo,+54 264 427-7227,https://wa.me/5492644277227,No tiene sitio web (Oportunidad Máxima),,San Juan,"Antonino Aberastain Sur 137, J5402EQC San Juan, Argentina",4,1,https://www.google.com/maps/search/?api=1&query=Tejada%20Maria%20Veronica&query_place_id=ChIJJ9fSZoNqgZYR6qo7DudGVpg
Psicologo Cañadas Matías,Psicólogo,+54 264 483-4187,https://wa.me/5492644834187,No tiene sitio web (Oportunidad Máxima),,J5400AMI,"C. Domingo Faustino Sarmiento 42 sur, J5400AMI J5400AMI, San Juan, Argentina",4,1,https://www.google.com/maps/search/?api=1&query=Psicologo%20Ca%C3%B1adas%20Mat%C3%ADas&query_place_id=ChIJxTNr_exrgZYRC-8iejDh-8w
Castro Rosana,Psicólogo,+54 264 420-3112,https://wa.me/5492644203112,No tiene sitio web (Oportunidad Máxima),,San Juan,"Av. Rioja Nte. 473, J5400 San Juan, Argentina",1,1,https://www.google.com/maps/search/?api=1&query=Castro%20Rosana&query_place_id=ChIJPQJOQ4BqgZYRZmrdwCdrmUA
Cabeza Laura Marisa - Licenciada En Psicologia,Psicólogo,+54 264 660-1962,https://wa.me/5492646601962,No tiene sitio web (Oportunidad Máxima),,San Juan,"Mendoza Nte. 40, J5400EFB San Juan, Argentina",4,1,https://www.google.com/maps/search/?api=1&query=Cabeza%20Laura%20Marisa%20-%20Licenciada%20En%20Psicologia&query_place_id=ChIJG51skylAgZYRBGRksoqnx_0
Gomez Maturano Eliana,,+54 264 420-2883,https://wa.me/5492644202883,No tiene sitio web (Oportunidad Máxima),,San Juan,"Av. Argentina Nte. 969, J5400 San Juan, Argentina",5,1,https://www.google.com/maps/search/?api=1&query=Gomez%20Maturano%20Eliana&query_place_id=ChIJB_x8K2NqgZYRxW8slZkTL1E
Nutrición 360°,Clínica ambulatoria,+54 264 511-8239,https://wa.me/5492645118239,No tiene sitio web (Oportunidad Máxima),,o,"Av. Córdoba Oeste 975, J5400 o, San Juan, Argentina",4,1,https://www.google.com/maps/search/?api=1&query=Nutrici%C3%B3n%20360%C2%B0&query_place_id=ChIJ10eV26NBgZYRYF-DcWXe9pU
EMC vajillas/catering,Servicio de alquiler de equipos para fiestas,+54 9 264 475-9057,https://wa.me/5492644759057,No tiene sitio web (Oportunidad Máxima),,San Juan,"Almte. Brown Este, J5400 San Juan, Argentina",4,1,https://www.google.com/maps/search/?api=1&query=EMC%20vajillas%2Fcatering&query_place_id=ChIJwy9swNVBgZYR0Eb0cF136ZI
Medinor,Grupo médico,+54 264 458-3860,https://wa.me/5492644583860,No tiene sitio web (Oportunidad Máxima),,San Jose de Jachal,"Florida 635, J5460 San Jose de Jachal, San Juan, Argentina",5,1,https://www.google.com/maps/search/?api=1&query=Medinor&query_place_id=ChIJL3CprhFng5YRJP0v59xJg9k
Alquiler Servicio De Lunch,,+54 264 507-7425,https://wa.me/5492645077425,No tiene sitio web (Oportunidad Máxima),,San Juan,"Cmte. Cabot Oeste 1402, J5402 San Juan, Argentina",5,1,https://www.google.com/maps/search/?api=1&query=Alquiler%20Servicio%20De%20Lunch&query_place_id=ChIJo5jelRZAgZYR28bAjwULLyM
BioAnalisis,Centro médico,+54 264 486-1349,https://wa.me/5492644861349,No tiene sitio web (Oportunidad Máxima),,Santa Lucía,"Colón Sur 391, J5411 Santa Lucía, San Juan, Argentina",5,1,https://www.google.com/maps/search/?api=1&query=BioAnalisis&query_place_id=ChIJb4KMFydrgZYRNz-bHZ4th6c
Aguirre de Tripolone Celia M,Servicios legales,+54 264 422-9455,https://wa.me/5492644229455,No tiene sitio web (Oportunidad Máxima),,San Juan,"Catamarca Sur 671, J5400 San Juan, Argentina",5,1,https://www.google.com/maps/search/?api=1&query=Aguirre%20de%20Tripolone%20Celia%20M&query_place_id=ChIJryiolyZAgZYRcTNWpKNKn1c
Juan C Krebs,Abogado,+54 264 422-1038,https://wa.me/5492644221038,No tiene sitio web (Oportunidad Máxima),,San Juan,"Sarmiento Sur 511, San Juan, Argentina",5,1,https://www.google.com/maps/search/?api=1&query=Juan%20C%20Krebs&query_place_id=ChIJ3ZnweShAgZYRzoEzGJeF5Tc
Glossy Nails,Salón de manicura y pedicura,+54 264 661-1737,https://wa.me/5492646611737,No tiene sitio web (Oportunidad Máxima),,Villa Aberastain,"8CGC+X7, Villa Aberastain, San Juan, Argentina",5,1,https://www.google.com/maps/search/?api=1&query=Glossy%20Nails&query_place_id=ChIJl_FsTAA9gZYRjILm83nmk3w
La esquina del sabor,Restaurante de comida rápida,+54 264 589-7955,https://wa.me/5492645897955,No tiene sitio web (Oportunidad Máxima),,Astica,"RP510, Astica, San Juan, Argentina",,0,https://www.google.com/maps/search/?api=1&query=La%20esquina%20del%20sabor&query_place_id=ChIJb1aFDsv_KZQR9LHimr6bjhc
Instituto Mercantil de Capacitación y Formación Profesional,Institución educativa,+54 264 501-2702,https://wa.me/5492645012702,No tiene sitio web (Oportunidad Máxima),,San Juan,"J5400EKC, Tucumán Norte 167, J5400EKC San Juan, Argentina",,0,https://www.google.com/maps/search/?api=1&query=Instituto%20Mercantil%20de%20Capacitaci%C3%B3n%20y%20Formaci%C3%B3n%20Profesional&query_place_id=ChIJOYZe9IFqgZYRtCQ-4E8u6HY
CPCI Colegio de Profesionales de Ciencias Informáticas San Juan,Centro de formación profesional,+54 264 519-7657,https://wa.me/5492645197657,No tiene sitio web (Oportunidad Máxima),,San Juan,"Gral. Juan Lavalle 813, J5402 San Juan, Argentina",,0,https://www.google.com/maps/search/?api=1&query=CPCI%20Colegio%20de%20Profesionales%20de%20Ciencias%20Inform%C3%A1ticas%20San%20Juan&query_place_id=ChIJ-4KpooBBgZYR9VLAm0cSPG8
Psicologo San Juan Elizabeth Martinez,Psicólogo,+54 264 672-1477,https://wa.me/5492646721477,No tiene sitio web (Oportunidad Máxima),,San Juan,"5400, San Juan, Argentina",,0,https://www.google.com/maps/search/?api=1&query=Psicologo%20San%20Juan%20Elizabeth%20Martinez&query_place_id=ChIJzfHBkyhBgZYR0407sYsukCY
Astorga Carina,Psicólogo,+54 264 426-6289,https://wa.me/5492644266289,No tiene sitio web (Oportunidad Máxima),,San Juan,"Mendoza Sur 169, J5402 San Juan, Argentina",,0,https://www.google.com/maps/search/?api=1&query=Astorga%20Carina&query_place_id=ChIJCRpaOChAgZYRs5k6cHQrvfU
Iranzo Tobares Carina,Psicólogo,+54 264 421-8162,https://wa.me/5492644218162,No tiene sitio web (Oportunidad Máxima),,San Juan,"Sarmiento Sur 479, San Juan, Argentina",,0,https://www.google.com/maps/search/?api=1&query=Iranzo%20Tobares%20Carina&query_place_id=ChIJj6uOhihAgZYR3tP8ls_2FlQ
Licenciada en psicología Elina Rios,Psicólogo,+54 264 587-6046,https://wa.me/5492645876046,No tiene sitio web (Oportunidad Máxima),,J5402CXF,"B. Mitre 282, J5402CXF J5402CXF, San Juan, Argentina",,0,https://www.google.com/maps/search/?api=1&query=Licenciada%20en%20psicolog%C3%ADa%20Elina%20Rios&query_place_id=ChIJiSZibABBgZYRecLH8xFWCPk
Guevara Hilda Mabel-psicologa,Psicólogo,+54 264 422-9319,https://wa.me/5492644229319,No tiene sitio web (Oportunidad Máxima),,San Juan,"Av J de Roza E 160, San Juan, Argentina",,0,https://www.google.com/maps/search/?api=1&query=Guevara%20Hilda%20Mabel-psicologa&query_place_id=ChIJCfqW_oJqgZYR9zNa8_44hfU
Gimenez Bawden Sonia,Psicólogo,+54 264 421-0131,https://wa.me/5492644210131,No tiene sitio web (Oportunidad Máxima),,San Juan,"San Luis Este 623, J5400 San Juan, Argentina",,0,https://www.google.com/maps/search/?api=1&query=Gimenez%20Bawden%20Sonia&query_place_id=ChIJw64_FIRqgZYRwWxpiHN0oy4
Segui Miriam,Psicólogo,+54 264 422-4799,https://wa.me/5492644224799,No tiene sitio web (Oportunidad Máxima),,San Juan,"S del Estero S 284, San Juan, Argentina",,0,https://www.google.com/maps/search/?api=1&query=Segui%20Miriam&query_place_id=ChIJ2fOt3S5AgZYRJPuAy-5gGj8
PRINSS NAIL belleza y estilo,Salón de manicura y pedicura,+54 264 483-9724,https://wa.me/5492644839724,No tiene sitio web (Oportunidad Máxima),,Caucete,"Loteo cristo rey m/A c/20, 5442, J5442, San Juan, Argentina",,0,https://www.google.com/maps/search/?api=1&query=PRINSS%20NAIL%20belleza%20y%20estilo&query_place_id=ChIJ65NfgsgPgZYR2Ec3MmYUvHM
Licenciada Fátima Portillo,Nutricionista,+54 264 446-5136,https://wa.me/5492644465136,No tiene sitio web (Oportunidad Máxima),,Argentina,"C. Soler, J5400 Argentina, San Juan, Argentina",,0,https://www.google.com/maps/search/?api=1&query=Licenciada%20F%C3%A1tima%20Portillo&query_place_id=ChIJCxlORc5PgZYRVa75shwdNQw
Nutricion & Enfermedades Asociadas Dr. Conte Grand,Nutricionista,+54 264 420-0070,https://wa.me/5492644200070,No tiene sitio web (Oportunidad Máxima),,J5402CXH,"B. Mitre 376, J5402CXH J5402CXH, San Juan, Argentina",,0,https://www.google.com/maps/search/?api=1&query=Nutricion%20%26%20Enfermedades%20Asociadas%20Dr.%20Conte%20Grand&query_place_id=ChIJtR7mUS9AgZYRH2Eru7jeh5E
Licenciada En Nutricion,Nutricionista,+54 264 508-3350,https://wa.me/5492645083350,No tiene sitio web (Oportunidad Máxima),,San Juan,"AV PAULA 25 SUR, J5400 San Juan, Argentina",,0,https://www.google.com/maps/search/?api=1&query=Licenciada%20En%20Nutricion&query_place_id=ChIJp6tUcyNAgZYRuEIl062y8V0
Nutri Nadia Ruiz,Nutricionista,+54 264 512-0488,https://wa.me/5492645120488,No tiene sitio web (Oportunidad Máxima),,San Juan,"Av. España Sur 230, J5402 San Juan, Argentina",,0,https://www.google.com/maps/search/?api=1&query=Nutri%20Nadia%20Ruiz&query_place_id=ChIJj2e4hoFBgZYRmC9bZCjxEYQ
Consultorios de Nutricion Clinica M.e. de Cara,Nutricionista,+54 264 421-4038,https://wa.me/5492644214038,No tiene sitio web (Oportunidad Máxima),,San Juan,"Las Heras Sur 217, J5402 San Juan, Argentina",,0,https://www.google.com/maps/search/?api=1&query=Consultorios%20de%20Nutricion%20Clinica%20M.e.%20de%20Cara&query_place_id=ChIJexavtjFAgZYR9FDfgzGj1No
Cecilia Fernández,Nutricionista,+54 264 565-7684,https://wa.me/5492645657684,No tiene sitio web (Oportunidad Máxima),,Rivadavia,"Av. Libertador Gral. San Martín 3508 Oeste, J5406 Rivadavia, San Juan, Argentina",,0,https://www.google.com/maps/search/?api=1&query=Cecilia%20Fern%C3%A1ndez&query_place_id=ChIJZdhNQ-lBgZYRYYtlLBHmV58
Alquiler,Agencia de alquiler de coches,+54 264 513-3007,https://wa.me/5492645133007,No tiene sitio web (Oportunidad Máxima),,San Juan,"Av Ignacio de la rosa 654 oeste, J5400 San Juan, Argentina",,0,https://www.google.com/maps/search/?api=1&query=Alquiler&query_place_id=ChIJ-T6RhR1BgZYRW9_KpYAu-qs
Mundo Automotor,Agencia de alquiler de coches,+54 264 426-3041,https://wa.me/5492644263041,No tiene sitio web (Oportunidad Máxima),,Rivadavia,"Sgto Cabral 2159, Rivadavia, SAN JUAN, Argentina",,0,https://www.google.com/maps/search/?api=1&query=Mundo%20Automotor&query_place_id=ChIJT0G4jEBAgZYRlpnKpFvo76I
La Nutri Romi,Nutricionista,+54 264 474-4609,https://wa.me/5492644744609,No tiene sitio web (Oportunidad Máxima),,Pocito,"J5427 Pocito, San Juan, Argentina",,0,https://www.google.com/maps/search/?api=1&query=La%20Nutri%20Romi&query_place_id=ChIJ2UYaB1A_gZYRwEHrnzQAHf0
NUTRICEL - PRODUCTOS NUTRICIONALES OMNILIFE,Nutricionista,+54 264 434-1791,https://wa.me/5492644341791,No tiene sitio web (Oportunidad Máxima),,Rivadavia,"Alferez Sanchez 3155, J5400 Rivadavia, San Juan, Argentina",,0,https://www.google.com/maps/search/?api=1&query=NUTRICEL%20-%20PRODUCTOS%20NUTRICIONALES%20OMNILIFE&query_place_id=ChIJr0ki_21BgZYRxy9SW6VMMwA
Nutricion,Nutricionista,+54 264 507-7582,https://wa.me/5492645077582,No tiene sitio web (Oportunidad Máxima),,este,"Perona 202, J5425 este, San Juan, Argentina",,0,https://www.google.com/maps/search/?api=1&query=Nutricion&query_place_id=ChIJibAVwFE_gZYRM3-TeYnROPw
HUMANA FITNESS,Gimnasio,+54 9 264 531-9612,https://wa.me/5492645319612,No tiene sitio web (Oportunidad Máxima),,San Juan,"B. Rivadavia Oeste 127, J5400 San Juan, Argentina",,0,https://www.google.com/maps/search/?api=1&query=HUMANA%20FITNESS&query_place_id=ChIJY0irG4RBgZYRU8a0brm5poA
Claric Servicio de Lunch,Servicio de alquiler de mobiliario,+54 264 411-9960,https://wa.me/5492644119960,No tiene sitio web (Oportunidad Máxima),,Rivadavia,"Pje. Sta. Maria De Oro Oeste 146 Norte, J5400 Rivadavia, San Juan, Argentina",,0,https://www.google.com/maps/search/?api=1&query=Claric%20Servicio%20de%20Lunch&query_place_id=ChIJUdens2dBgZYRPAnrJeyZqaQ
Celebremos,Servicio de catering,+54 264 583-8560,https://wa.me/5492645838560,No tiene sitio web (Oportunidad Máxima),,San Juan,"5400, San Juan, Argentina",,0,https://www.google.com/maps/search/?api=1&query=Celebremos&query_place_id=ChIJ5f-xeytBgZYRdrWPWyF7MUo
Medicar,Médico,+54 264 428-1137,https://wa.me/5492644281137,No tiene sitio web (Oportunidad Máxima),,Rawson,"José Dolores Este 365, J5425 Rawson, San Juan, Argentina",,0,https://www.google.com/maps/search/?api=1&query=Medicar&query_place_id=ChIJH30FWVUVgZYRlQuHxFWAkfM
fernandezguzmanestudiojuridico,Servicio de asesoría al consumidor,+54 264 450-0530,https://wa.me/5492644500530,No tiene sitio web (Oportunidad Máxima),,San Juan,"Jujuy 323 -S-, Edificio Tulum II, PB, J5400, San Juan, Argentina",,0,https://www.google.com/maps/search/?api=1&query=fernandezguzmanestudiojuridico&query_place_id=ChIJW_ogLjZrgZYRC1hJZ8XSlvY
Masajista profesional Gian,Masajista,+54 264 679-5612,https://wa.me/5492646795612,No tiene sitio web (Oportunidad Máxima),,San Juan,"Matías Zavalla Nte. 157, J5400GJC San Juan, Argentina",,0,https://www.google.com/maps/search/?api=1&query=Masajista%20profesional%20Gian&query_place_id=ChIJkyPq5DRBgZYRccmW9kI0n-0
AP2000,Taller mecánico,+54 264 630-1549,https://wa.me/5492646301549,No tiene sitio web (Oportunidad Máxima),,Barreal,"J5405 Barreal, San Juan, Argentina",,0,https://www.google.com/maps/search/?api=1&query=AP2000&query_place_id=ChIJ82dFLuaRhpYRy-DGx6B07XY
Nails Malaquita,Salón de manicura y pedicura,+54 9 264 507-1026,https://wa.me/5492645071026,No tiene sitio web (Oportunidad Máxima),,San Juan,"Gral Mariano Acha Sur 522, J5402EGL San Juan, Argentina",,0,https://www.google.com/maps/search/?api=1&query=Nails%20Malaquita&query_place_id=ChIJ3V8s6P5rgZYRZKpHvg-ygCQ
Salón Los Morrillos,Salón para eventos,,,No tiene sitio web (Oportunidad Máxima),,San Juan,"San Juan Nte. 965, J5411 San Juan, Argentina",4.7,628,https://www.google.com/maps/search/?api=1&query=Sal%C3%B3n%20Los%20Morrillos&query_place_id=ChIJ0VhTQf5qgZYRVqvrHLH5TN4
Pago facil Desamparados,Cobro de deudas,,,No tiene sitio web (Oportunidad Máxima),,San Juan,"Hipólito Yrigoyen 70 sur, J5400 San Juan, Argentina",4.5,60,https://www.google.com/maps/search/?api=1&query=Pago%20facil%20Desamparados&query_place_id=ChIJ3ZTLP09BgZYRv3VxOV2heEY
Pizza a la Piedra,Pizzería,,,No tiene sitio web (Oportunidad Máxima),,Villa San Agustín,"J5449 Villa San Agustín, San Juan, Argentina",4.9,52,https://www.google.com/maps/search/?api=1&query=Pizza%20a%20la%20Piedra&query_place_id=ChIJ48xqAQB1gpYR7YXvwaVDdck
El Encuentro,Restaurante de brunch,,,No tiene sitio web (Oportunidad Máxima),,Astica,"Astica, San Juan, Argentina",4.4,29,https://www.google.com/maps/search/?api=1&query=El%20Encuentro&query_place_id=ChIJTbx-3GT_KZQRiyrFTeGyqOA
Campos Armando Campos Gonzalo,Dermatólogo,,,No tiene sitio web (Oportunidad Máxima),,San Juan,"J5402 San Juan, Argentina",3.6,23,https://www.google.com/maps/search/?api=1&query=Campos%20Armando%20Campos%20Gonzalo&query_place_id=ChIJSVigDSZAgZYRoQsKMQ-TTI0
Salón De Eventos Mary,Salón para eventos,,,No tiene sitio web (Oportunidad Máxima),,San Juan,"Vidart, San Juan, Argentina",3.9,22,https://www.google.com/maps/search/?api=1&query=Sal%C3%B3n%20De%20Eventos%20Mary&query_place_id=ChIJ-5spqVY_gZYRzk7BfWwVqf4
Teknocentro Racing,Taller de automóviles,,,No tiene sitio web (Oportunidad Máxima),,San Juan,"Av. Córdoba Oeste, J5402AFT San Juan, Argentina",4.9,20,https://www.google.com/maps/search/?api=1&query=Teknocentro%20Racing&query_place_id=ChIJD9oQQEhAgZYRyKXtBjq_H68
Claudia Montion,Tienda de nutrición deportiva,,,No tiene sitio web (Oportunidad Máxima),,J5400ASF,"Av. Libertador Gral. San Martín 1863, J5400ASF J5400ASF, San Juan, Argentina",4.2,16,https://www.google.com/maps/search/?api=1&query=Claudia%20Montion&query_place_id=ChIJu8a4mllBgZYRc9H0ZtjuO_s
Mecánico Miguel Pintos,Taller de reparación de automóviles,,,No tiene sitio web (Oportunidad Máxima),,Barreal,"C. Echeverría, Barreal, San Juan, Argentina",4.2,13,https://www.google.com/maps/search/?api=1&query=Mec%C3%A1nico%20Miguel%20Pintos&query_place_id=ChIJ7ZlrCJmRhpYRnvsOINJW6II
Comedor,Restaurante,,,No tiene sitio web (Oportunidad Máxima),,Balde del Rosario,"Balde del Rosario, San Juan, Argentina",4.1,12,https://www.google.com/maps/search/?api=1&query=Comedor&query_place_id=ChIJh-vrR7qLgpYRupy9WBP_w7k
Mi colibrí Salón de eventos,Salón para eventos,,,No tiene sitio web (Oportunidad Máxima),,Villa Krause,"Paso de los Andes, Bahía Blanca Sur y, J5423 Villa Krause, San Juan, Argentina",4.8,12,https://www.google.com/maps/search/?api=1&query=Mi%20colibr%C3%AD%20Sal%C3%B3n%20de%20eventos&query_place_id=ChIJ2ZdYCABBgZYRdy97OhafALk
Dermatologia y Estetica Dra Sandra Valdez,Asesor médico,,,No tiene sitio web (Oportunidad Máxima),,San Juan,"Diag. Viamonte Nte. 931 Norte, J5400 San Juan, Argentina",3.5,12,https://www.google.com/maps/search/?api=1&query=Dermatologia%20y%20Estetica%20Dra%20Sandra%20Valdez&query_place_id=ChIJ2bxht7tBgZYRzvFEbnX10x8
Modo Alquiler de Autos,Agencia de alquiler de coches,,,No tiene sitio web (Oportunidad Máxima),,San Juan,"Av. José Ignacio de la Roza Oeste 2644, J5400 San Juan, Argentina",4.5,10,https://www.google.com/maps/search/?api=1&query=Modo%20Alquiler%20de%20Autos&query_place_id=ChIJUwxge0pBgZYRecJ2nwuYLOk
"Emma Nails Artt (Uñas en Rivadavia, San Juan. Argentina)",Salón de manicura y pedicura,,,Usa instagram.com como web (Oportunidad Alta),https://www.instagram.com/emma.nailsartt/,Rivadavia,"Tulúm 3149. Barrio Foeva, Rivadavia. San Juan Esquina, Esteban Echeverría Sur, J5400 Rivadavia, San Juan, Argentina",4.6,10,https://www.google.com/maps/search/?api=1&query=Emma%20Nails%20Artt%20(U%C3%B1as%20en%20Rivadavia%2C%20San%20Juan.%20Argentina)&query_place_id=ChIJ-ycdCNxBgZYR1Dv9KEm6N4o
Chiringuito de Valdez,Restaurante,,,Usa instagram.com como web (Oportunidad Alta),https://www.instagram.com/chiringuitodevaldezvf?igsh=MXRvZ3FhY3gzNHU0YQ==,Villa San Agustín,"Rivadavia, Santiago del Estero &, Villa San Agustín, San Juan, Argentina",4.4,9,https://www.google.com/maps/search/?api=1&query=Chiringuito%20de%20Valdez&query_place_id=ChIJD2_uXABzgpYRhrM3YnGDrjg
Terapia Cognitivo Conductual,Psicólogo,,,Usa instagram.com como web (Oportunidad Alta),https://www.instagram.com/psico.cognitivasj?igsh=NjJtZ2d4eG9qMzVu,San Juan,"Del Bono 194 sur Depto 1, J5400 San Juan, Argentina",4.5,8,https://www.google.com/maps/search/?api=1&query=Terapia%20Cognitivo%20Conductual&query_place_id=ChIJlSWMbehBgZYRviF0vw85lIc
Pedicura,Centro de estética,,,No tiene sitio web (Oportunidad Máxima),,San Juan,"J5402 San Juan, Argentina",3.8,6,https://www.google.com/maps/search/?api=1&query=Pedicura&query_place_id=ChIJ9bSrmJlqgZYR7hhrh6dk3ho
Salón Imperio,Salón para eventos,,,No tiene sitio web (Oportunidad Máxima),,Villa Krause,"CG95+9V, Villa Krause, San Juan, Argentina",4.6,5,https://www.google.com/maps/search/?api=1&query=Sal%C3%B3n%20Imperio&query_place_id=ChIJ-VVIJAAVgZYRi2g8qiHzJEo
Consultorio Medico,Médico,,,No tiene sitio web (Oportunidad Máxima),,Villa Krause,"Blvd. Sarmiento Oeste 701, J5425 Villa Krause, San Juan, Argentina",5,3,https://www.google.com/maps/search/?api=1&query=Consultorio%20Medico&query_place_id=ChIJYZvYoCk_gZYRXbHo070Akbw
El tauro (Carrito panchero),Restaurante familiar,,,No tiene sitio web (Oportunidad Máxima),,Villa San Agustín,"Rivadavia 942, J5449 Villa San Agustín, San Juan, Argentina",5,2,https://www.google.com/maps/search/?api=1&query=El%20tauro%20(Carrito%20panchero)&query_place_id=ChIJY1UFLwB1gpYRRHo9x-dkTN0
CeTeC,Psicólogo,,,No tiene sitio web (Oportunidad Máxima),,San Juan,"General, Martín Güemes Sur 407, J5402ETI San Juan, Argentina",5,2,https://www.google.com/maps/search/?api=1&query=CeTeC&query_place_id=ChIJp6niAptqgZYRpnzID8fPK8U
Salon Rivero,Salón para eventos,,,No tiene sitio web (Oportunidad Máxima),,Villa del Salvador,"GHMQ+67, Villa del Salvador, San Juan, Argentina",5,2,https://www.google.com/maps/search/?api=1&query=Salon%20Rivero&query_place_id=ChIJVdFeVwBtgZYRd24XpITUVe8
Old cars Quiroga,Agencia de alquiler de coches,,,No tiene sitio web (Oportunidad Máxima),,San Juan,"San Lorenzo Este 1021, J5400 San Juan, Argentina",5,2,https://www.google.com/maps/search/?api=1&query=Old%20cars%20Quiroga&query_place_id=ChIJk4DmJilrgZYRsLrs-uOl71c
Bristol Servicio de Vajilla,Comercio,,,No tiene sitio web (Oportunidad Máxima),,San Juan,"J5402 San Juan, Argentina",3.5,2,https://www.google.com/maps/search/?api=1&query=Bristol%20Servicio%20de%20Vajilla&query_place_id=ChIJ4wC-dCVAgZYRizLS6aNRqhY
More manicurista,Centro de estética,,,No tiene sitio web (Oportunidad Máxima),,Chimbas,"Barrió 2 de Abril, Chimbas, San Juan, Argentina",5,2,https://www.google.com/maps/search/?api=1&query=More%20manicurista&query_place_id=ChIJl4cGZABpgZYRAit9lpqi1Is
Centro Medico Marco,Psicólogo,,,No tiene sitio web (Oportunidad Máxima),,Villa Krause,"Virgen del Loreto, Oeste, Villa Krause, San Juan, Argentina",5,1,https://www.google.com/maps/search/?api=1&query=Centro%20Medico%20Marco&query_place_id=ChIJVVVVVZUWgZYRAQ84De3EM-M
Oro Silvia Mabel,Psicólogo,,,No tiene sitio web (Oportunidad Máxima),,Santa Lucía,"B. Mitre 1440, J5402 Santa Lucía, San Juan, Argentina",5,1,https://www.google.com/maps/search/?api=1&query=Oro%20Silvia%20Mabel&query_place_id=ChIJg66XL5JqgZYRcQMNcY_tH2o
Salón De Eventos Acuarela's,Salón para eventos,,,No tiene sitio web (Oportunidad Máxima),,San Juan,"J5400 San Juan, Argentina",4,1,https://www.google.com/maps/search/?api=1&query=Sal%C3%B3n%20De%20Eventos%20Acuarela's&query_place_id=ChIJAUZGXoZqgZYRKAXOQ12MO8I
Nutricionista Guadalupe Estrada,Nutricionista,,,Usa instagram.com como web (Oportunidad Alta),https://www.instagram.com/nutri.guadaestrada?igsh=N2h3bDJ0eXFnd2xl&utm_source=qr,San Juan,"J5427 San Juan, Argentina",5,1,https://www.google.com/maps/search/?api=1&query=Nutricionista%20Guadalupe%20Estrada&query_place_id=ChIJt5lUXQA_gZYRiSEv8o3B79U
Salon de eventos,Urbanización,,,No tiene sitio web (Oportunidad Máxima),,San Juan,"Juan Jufré, J5419, San Juan, Argentina",5,1,https://www.google.com/maps/search/?api=1&query=Salon%20de%20eventos&query_place_id=ChIJOeE6EABpgZYRW9NA1FvIxGs
Dra. Leticia Davila dermatóloga,Médico,,,No tiene sitio web (Oportunidad Máxima),,San Juan,"J5400 San Juan, Argentina",1,1,https://www.google.com/maps/search/?api=1&query=Dra.%20Leticia%20Davila%20dermat%C3%B3loga&query_place_id=ChIJ4XAILz1BgZYRAf3GcU0l6-c
Clínica ALBA,Centro médico,,,Usa facebook.com como web (Oportunidad Alta),https://www.facebook.com/Alba-Medicina-Est%C3%A9tica-508426549683713/,San Juan,"Nuche, Hermogenes Ruiz y, San Juan, Argentina",5,1,https://www.google.com/maps/search/?api=1&query=Cl%C3%ADnica%20ALBA&query_place_id=ChIJkWY7J-dBgZYR8z0uc8kQRHw
Mily Nails,Salón de manicura y pedicura,,,No tiene sitio web (Oportunidad Máxima),,Campo Afuera,"Campo Afuera, San Juan, Argentina",5,1,https://www.google.com/maps/search/?api=1&query=Mily%20Nails&query_place_id=ChIJT5_xAQBDgZYRXyLpWOvw7j0
Agencia de venta de automoviles,Agencia de alquiler de coches,,,No tiene sitio web (Oportunidad Máxima),,Media Agua,"Joaquin Torrent, Rivadavia casi, Media Agua, San Juan, Argentina",3,1,https://www.google.com/maps/search/?api=1&query=Agencia%20de%20venta%20de%20automoviles&query_place_id=ChIJF9FyUADjgJYRII6TdBsqJaw
Casa de Duilio Diaz,Complejo de viviendas,,,No tiene sitio web (Oportunidad Máxima),,Las Tumanas,"3H59+58, Las Tumanas, San Juan, Argentina",,0,https://www.google.com/maps/search/?api=1&query=Casa%20de%20Duilio%20Diaz&query_place_id=ChIJeeY1ZwABgpYR2x8yw0k8xGs
Nutricionista,Médico,,,No tiene sitio web (Oportunidad Máxima),,Rivadavia,"Malvinas Argentinas Sur 626, J5400 Rivadavia, San Juan, Argentina",,0,https://www.google.com/maps/search/?api=1&query=Nutricionista&query_place_id=ChIJhcQm23NBgZYRbzGh8NtenFY
"Salón ""Piscuilandia""",Recinto para eventos,,,No tiene sitio web (Oportunidad Máxima),,Villa San Agustín,"Estados Unidos, Villa San Agustín, San Juan, Argentina",,0,https://www.google.com/maps/search/?api=1&query=Sal%C3%B3n%20%22Piscuilandia%22&query_place_id=ChIJ-93Ht3p1gpYRIZ3KLlQEdhY
Salinas Santiago N - Psicologo,Psicólogo,,,No tiene sitio web (Oportunidad Máxima),,Rawson,"Dr. Ortega, J5425 Rawson, San Juan, Argentina",,0,https://www.google.com/maps/search/?api=1&query=Salinas%20Santiago%20N%20-%20Psicologo&query_place_id=ChIJKf76pwpAgZYRyEYq75256tc
Lic. Juan Manuel Rivas,Psicólogo,,,No tiene sitio web (Oportunidad Máxima),,San Juan,"San Luis 89 Oeste Primer Piso, J5400 San Juan, Argentina",,0,https://www.google.com/maps/search/?api=1&query=Lic.%20Juan%20Manuel%20Rivas&query_place_id=ChIJxcnDbj1BgZYRxEptT6Ttm2I
Psicóloga Dani Merlo,Psicólogo,,,No tiene sitio web (Oportunidad Máxima),,J5400EBF,"Domingo Faustino Sarmiento Nte. 272, J5400EBF J5400EBF, San Juan, Argentina",,0,https://www.google.com/maps/search/?api=1&query=Psic%C3%B3loga%20Dani%20Merlo&query_place_id=ChIJ-1rkOjJBgZYRG5IKgNqg_7o
PRANA Espacio Terapéutico Integral San Juan,Psicólogo,,,No tiene sitio web (Oportunidad Máxima),,Aberastain,"Calle Laprida 474, entre calle Jujuy y este, Aberastain, San Juan, Argentina",,0,https://www.google.com/maps/search/?api=1&query=PRANA%20Espacio%20Terap%C3%A9utico%20Integral%20San%20Juan&query_place_id=ChIJhZqL3PdrgZYROolBWB9FXwU
Lic. En Psicología Luis Avila,Psicólogo,,,No tiene sitio web (Oportunidad Máxima),,San Juan,"Antonino Aberastain Sur 21, J5402EQA San Juan, Argentina",,0,https://www.google.com/maps/search/?api=1&query=Lic.%20En%20Psicolog%C3%ADa%20Luis%20Avila&query_place_id=ChIJUTcIZgBrgZYRUDNqyjG4RbM
Nutrirnos Atención Nutricional,Nutricionista,,,Usa instagram.com como web (Oportunidad Alta),https://www.instagram.com/nutrirnossj/,San Juan,"Mendoza Sur 1067, J5400 San Juan, Argentina",,0,https://www.google.com/maps/search/?api=1&query=Nutrirnos%20Atenci%C3%B3n%20Nutricional&query_place_id=ChIJ4UhzmTRBgZYR7DmL70CyO1c
NutricionistaNadiaRuiz,Nutricionista,,,No tiene sitio web (Oportunidad Máxima),,San Juan,"B. Rivadavia Oeste 626 Oeste, J5402 San Juan, Argentina",,0,https://www.google.com/maps/search/?api=1&query=NutricionistaNadiaRuiz&query_place_id=ChIJTS5whn5BgZYRF_FlGnzBv-A
Nutrición Cecilia Salvá,Nutricionista,,,No tiene sitio web (Oportunidad Máxima),,San Juan,"Av. Libertador Gral. San Martín 109, J5400ARB San Juan, Argentina",,0,https://www.google.com/maps/search/?api=1&query=Nutrici%C3%B3n%20Cecilia%20Salv%C3%A1&query_place_id=ChIJ74aJ4xhBgZYRCEl30X2ssT0
Clínica Renacer,Nutricionista,,,No tiene sitio web (Oportunidad Máxima),,J5400AHG,"25 de Mayo Oeste 377, J5400AHG J5400AHG, San Juan, Argentina",,0,https://www.google.com/maps/search/?api=1&query=Cl%C3%ADnica%20Renacer&query_place_id=ChIJZdZeCMlBgZYRPUm4PuUleF4
Servicios De Lunch,,,,No tiene sitio web (Oportunidad Máxima),,San Juan,"Catamarca Nte. 424 09, J5402 San Juan, Argentina",,0,https://www.google.com/maps/search/?api=1&query=Servicios%20De%20Lunch&query_place_id=ChIJ_6ELTClAgZYRZrEKvSbhqRc
Casa Fernandez,Comercio,,,No tiene sitio web (Oportunidad Máxima),,San Juan,"Mendoza Sur 4283, J5425 San Juan, Argentina",,0,https://www.google.com/maps/search/?api=1&query=Casa%20Fernandez&query_place_id=ChIJfSiaN-U_gZYRVXovH2Wvi2c
Loteo Ex FREZZA_ Casa 21,Complejo de viviendas,,,No tiene sitio web (Oportunidad Máxima),,Villa Krause,"Pje. Argentino Sur Casa 21, J5425 Villa Krause, San Juan, Argentina",,0,https://www.google.com/maps/search/?api=1&query=Loteo%20Ex%20FREZZA_%20Casa%2021&query_place_id=ChIJ7Zh7MQA_gZYRSO-19cQTW2Q
Sala Velatoria Villa Calingasta,Funeraria,,,No tiene sitio web (Oportunidad Máxima),,Calingasta,"Avenida Argentina S/N, J5403 Calingasta, San Juan, Argentina",,0,https://www.google.com/maps/search/?api=1&query=Sala%20Velatoria%20Villa%20Calingasta&query_place_id=ChIJdbfmXwAnhJYR2ORfY1lI1eQ
Calle Nestor Montero Alto Calingasta,Complejo de viviendas,,,No tiene sitio web (Oportunidad Máxima),,Calingasta,"JHR2+GM, Calingasta, San Juan, Argentina",,0,https://www.google.com/maps/search/?api=1&query=Calle%20Nestor%20Montero%20Alto%20Calingasta&query_place_id=ChIJz-LQBgAnhJYRIxm1WACD9KA
@LUNÉA_NAILS de Florencia Figueroa,Centro de estética,,,Usa facebook.com como web (Oportunidad Alta),https://www.facebook.com/share/1NGuLvJYeW/,Albardón,"Zandes Barrio Pintor, Mitre y, J5419 Albardón, San Juan, Argentina",,0,https://www.google.com/maps/search/?api=1&query=%40LUN%C3%89A_NAILS%20de%20Florencia%20Figueroa&query_place_id=ChIJz_WnP2hpgZYR1XvHsiPg1PI
